x,y,z,yaw,velocity,change_flag
-14765.6309,-84763.5234,42.1693,2.3609,0,0
-14766.3350,-84762.8047,42.1012,2.3627,4.0716,0
-14767.1084,-84762.0469,42.0338,2.3625,6.1231,0
-14767.8926,-84761.2969,41.9880,2.3568,6.6113,0
-14768.7295,-84760.4531,41.9211,2.3511,7.3570,0
-14769.5293,-84759.6094,41.8654,2.3457,8.6206,0
-14770.4209,-84758.6875,41.7902,2.3397,10.5943,0
-14771.1484,-84757.9375,41.7295,2.3343,9.9021,0
-14771.9639,-84757.0859,41.6830,2.3287,9.9888,0
-14772.7783,-84756.2031,41.6041,2.3249,11.3667,0
-14773.6436,-84755.2656,41.5510,2.3232,11.6186,0
-14774.5078,-84754.3125,41.4858,2.3206,11.5829,0
-14775.2295,-84753.5625,41.4414,2.3185,12.4462,0
-14775.9150,-84752.7891,41.3877,2.3169,13.0317,0
-14776.6299,-84751.9922,41.3356,2.3151,13.4259,0
-14777.3545,-84751.1797,41.2892,2.3127,13.2337,0
-14778.1543,-84750.3125,41.2205,2.3121,14.1904,0
-14778.9189,-84749.4531,41.1761,2.3134,15.2840,0
-14779.7637,-84748.5312,41.1264,2.3143,14.3894,0
-14780.6582,-84747.5469,41.0725,2.3149,17.3396,0
-14781.5479,-84746.5781,41.0358,2.3144,16.6512,0
-14782.5303,-84745.4844,40.9736,2.3128,16.9747,0
-14783.2070,-84744.7422,40.9270,2.3109,18.8391,0
-14783.8828,-84743.9688,40.8905,2.3103,18.1986,0
-14784.6885,-84743.1094,40.8537,2.3081,22.0927,0
-14785.4385,-84742.3047,40.8193,2.3073,21.0398,0
-14786.3164,-84741.3516,40.7819,2.3050,25.5364,0
-14787.0439,-84740.5312,40.7556,2.3032,21.3011,0
-14787.8965,-84739.5781,40.7198,2.3012,22.1205,0
-14788.7607,-84738.6406,40.6906,2.2980,23.3431,0
-14789.5322,-84737.7344,40.6591,2.2984,21.4299,0
-14790.4258,-84736.7188,40.6222,2.2951,22.9717,0
-14791.2725,-84735.7500,40.5973,2.2934,22.8922,0
-14792.2158,-84734.6953,40.5692,2.2913,24.4294,0
-14793.1113,-84733.6719,40.5297,2.2896,25.2181,0
-14794.0303,-84732.6328,40.5100,2.2885,23.9013,0
-14794.8955,-84731.6250,40.4858,2.2880,25.3043,0
-14795.7822,-84730.5781,40.4598,2.2863,25.8200,0
-14796.7109,-84729.5078,40.4276,2.2863,25.7826,0
-14797.6455,-84728.4219,40.3987,2.2851,25.1961,0
-14798.5801,-84727.3281,40.3787,2.2842,26.2296,0
-14799.5352,-84726.2422,40.3501,2.2833,26.0233,0
-14800.4609,-84725.2031,40.3120,2.2833,25.2838,0
-14801.4033,-84724.1016,40.2800,2.2818,25.3024,0
-14802.2510,-84723.0469,40.2505,2.2814,25.1282,0
-14803.1904,-84721.9922,40.2334,2.2805,26.0403,0
-14804.0439,-84720.9688,40.2068,2.2798,24.8924,0
-14804.8984,-84719.9766,40.1725,2.2796,24.1498,0
-14805.7764,-84718.9922,40.1461,2.2772,23.7572,0
-14806.6104,-84718.0312,40.1293,2.2765,23.1400,0
-14807.3994,-84717.1016,40.0822,2.2763,21.8291,0
-14808.2266,-84716.1562,40.0687,2.2751,22.9689,0
-14808.9814,-84715.2109,40.0494,2.2748,21.0684,0
-14809.8047,-84714.2812,40.0189,2.2735,22.8532,0
-14810.5596,-84713.3516,39.9916,2.2725,21.2484,0
-14811.3506,-84712.4453,39.9734,2.2718,22.4611,0
-14812.1201,-84711.5156,39.9503,2.2700,20.6876,0
-14812.8174,-84710.6797,39.9269,2.2690,19.9375,0
-14813.5420,-84709.8203,39.9161,2.2702,19.6065,0
-14814.2441,-84708.9688,39.9162,2.2759,20.9834,0
-14814.9609,-84708.1172,39.8783,2.2835,20.0188,0
-14815.6758,-84707.3281,39.8536,2.2910,19.1981,0
-14816.3311,-84706.5547,39.8459,2.3029,17.9586,0
-14817.3301,-84705.4609,39.8233,2.3270,17.8388,0
-14818.2559,-84704.4922,39.8103,2.3727,15.6992,0
-14819.2344,-84703.6328,39.7889,2.4507,15.9917,0
-14820.2285,-84702.7734,39.7519,2.5482,16.1029,0
-14821.3359,-84702.0625,39.7335,2.6591,14.7117,0
-14822.5449,-84701.5391,39.7265,2.7823,16.9783,0
-14823.7783,-84701.1016,39.7192,2.9073,16.7034,0
-14825.0850,-84700.8047,39.6990,3.0349,15.2465,0
-14826.4277,-84700.7344,39.7059,-3.1173,16.0129,0
-14827.8584,-84700.7656,39.6948,-2.9883,16.6152,0
-14829.2754,-84701.0391,39.7113,-2.8693,17.3179,0
-14830.2705,-84701.3047,39.7073,-2.8101,18.6799,0
-14831.2920,-84701.6562,39.7045,-2.7727,19.0914,0
-14832.2930,-84701.9609,39.7169,-2.7559,17.6023,0
-14833.3027,-84702.3672,39.7239,-2.7493,20.2348,0
-14834.2461,-84702.7344,39.7272,-2.7466,18.4190,0
-14835.3105,-84703.1562,39.7312,-2.7472,20.9264,0
-14836.2930,-84703.5625,39.7415,-2.7516,20.2571,0
-14837.3018,-84703.9531,39.7440,-2.7549,18.9955,0
-14838.3789,-84704.3984,39.7704,-2.7592,21.6744,0
-14839.4473,-84704.7969,39.8017,-2.7641,19.9559,0
-14840.5527,-84705.2344,39.8212,-2.7715,21.8071,0
-14841.7051,-84705.6562,39.8081,-2.7800,22.1053,0
-14842.7715,-84706.0469,39.8165,-2.7885,20.1735,0
-14843.8809,-84706.4609,39.8462,-2.7956,19.6719,0
-14845.0400,-84706.8594,39.8504,-2.8001,22.0567,0
-14846.2383,-84707.2891,39.8741,-2.8032,23.2414,0
-14847.4268,-84707.7031,39.8950,-2.8063,25.9525,0
-14848.5342,-84708.0703,39.9207,-2.8093,21.4544,0
-14849.7812,-84708.4922,39.9283,-2.8112,22.1065,0
-14851.0088,-84708.9141,39.9475,-2.8115,25.0442,0
-14852.2217,-84709.3203,39.9735,-2.8096,22.7524,0
-14853.4639,-84709.7344,39.9918,-2.8082,23.9236,0
-14854.7344,-84710.1641,40.0218,-2.8068,22.4080,0
-14855.9834,-84710.5938,40.0381,-2.8066,22.3896,0
-14857.2090,-84711.0391,40.0665,-2.8063,23.8388,0
-14858.5146,-84711.4766,40.0838,-2.8060,24.2937,0
-14859.8291,-84711.8984,40.0969,-2.8054,26.5924,0
-14861.1338,-84712.3516,40.1241,-2.8038,21.5937,0
-14862.5107,-84712.8359,40.1565,-2.8021,28.9570,0
-14863.8262,-84713.2734,40.1642,-2.8010,26.7088,0
-14865.3096,-84713.7969,40.1799,-2.8009,27.2346,0
-14866.6230,-84714.2422,40.2090,-2.8008,22.9703,0
-14867.9707,-84714.7031,40.2343,-2.8004,28.1350,0
-14869.4072,-84715.2188,40.2468,-2.7997,33.8218,0
-14870.7656,-84715.6953,40.2821,-2.7980,25.3975,0
-14872.1895,-84716.1953,40.3219,-2.7967,25.7165,0
-14873.5361,-84716.6484,40.3514,-2.7961,25.7694,0
-14874.9180,-84717.1328,40.3560,-2.7959,28.7598,0
-14876.2598,-84717.6016,40.3740,-2.7956,25.6710,0
-14877.6260,-84718.0703,40.4163,-2.7960,25.5510,0
-14878.9355,-84718.5469,40.4338,-2.7966,26.0163,0
-14880.3486,-84719.0234,40.4265,-2.7975,27.1842,0
-14881.7354,-84719.5078,40.4623,-2.7990,28.9859,0
-14883.1787,-84720.0234,40.4983,-2.8003,27.4684,0
-14884.4932,-84720.4922,40.5086,-2.8021,30.0186,0
-14885.7734,-84720.9141,40.5271,-2.8025,19.5886,0
-14887.3428,-84721.4688,40.5536,-2.8026,27.9266,0
-14888.6641,-84721.9141,40.5660,-2.8025,25.8892,0
-14890.0820,-84722.4375,40.5951,-2.8022,28.1467,0
-14891.5059,-84722.8906,40.6150,-2.8015,25.5199,0
-14892.9355,-84723.4062,40.6374,-2.8015,27.2164,0
-14894.3496,-84723.8828,40.6569,-2.7993,27.1533,0
-14895.6172,-84724.3125,40.6856,-2.7965,24.2865,0
-14897.0508,-84724.8281,40.6953,-2.7954,24.3262,0
-14898.4297,-84725.3125,40.7261,-2.7948,27.5468,0
-14899.8555,-84725.8203,40.7499,-2.7947,26.3907,0
-14901.2363,-84726.2969,40.7612,-2.7947,26.1989,0
-14902.6846,-84726.7969,40.7717,-2.7950,27.0011,0
-14904.0938,-84727.3125,40.7852,-2.7948,29.5945,0
-14905.4463,-84727.7812,40.8006,-2.7946,25.9076,0
-14906.8516,-84728.2812,40.8269,-2.7936,25.3151,0
-14908.2744,-84728.7891,40.8350,-2.7912,26.2730,0
-14909.7695,-84729.3281,40.8417,-2.7892,29.8011,0
-14911.1572,-84729.8359,40.8652,-2.7878,26.7014,0
-14912.4541,-84730.3125,40.8901,-2.7862,25.5252,0
-14913.8369,-84730.7734,40.9074,-2.7939,25.9101,0
-14915.1973,-84731.2188,40.9092,-2.8282,26.5205,0
-14916.5547,-84731.7188,40.9138,-2.8347,25.1348,0
-14917.9463,-84732.1484,40.9358,-2.8221,23.6698,0
-14919.3037,-84732.5703,40.9527,-2.8170,26.0867,0
-14920.5869,-84733.0312,40.9622,-2.8083,26.3316,0
-14921.8877,-84733.4688,40.9696,-2.7982,23.8178,0
-14923.1729,-84733.8984,40.9763,-2.7878,24.6446,0
-14924.4463,-84734.3750,41.0068,-2.7768,24.7713,0
-14925.6738,-84734.8359,41.0197,-2.7698,23.6874,0
-14926.8945,-84735.3125,41.0199,-2.7685,23.3921,0
-14928.0967,-84735.7578,41.0258,-2.7682,22.7364,0
-14929.3174,-84736.2266,41.0488,-2.7678,23.2934,0
-14930.4961,-84736.6875,41.0604,-2.7649,22.1694,0
-14931.6729,-84737.1406,41.0611,-2.7609,22.3043,0
-14932.8418,-84737.5938,41.0761,-2.7564,22.8979,0
-14933.9404,-84738.0312,41.0957,-2.7514,20.8957,0
-14935.0801,-84738.4922,41.1037,-2.7468,21.2156,0
-14936.2305,-84738.9609,41.1105,-2.7421,22.6715,0
-14937.3428,-84739.4375,41.1293,-2.7378,21.5763,0
-14938.5312,-84739.9219,41.1473,-2.7336,23.5226,0
-14939.6533,-84740.4141,41.1686,-2.7284,22.1766,0
-14940.8271,-84740.9219,41.1911,-2.7225,23.1923,0
-14941.9902,-84741.4375,41.2064,-2.7160,23.5428,0
-14943.1865,-84741.9531,41.2278,-2.7101,22.9485,0
-14944.3838,-84742.5234,41.2423,-2.7042,24.3532,0
-14945.5986,-84743.0703,41.2535,-2.6985,23.9366,0
-14946.8203,-84743.6484,41.2779,-2.6927,24.0814,0
-14948.0479,-84744.2344,41.2928,-2.6872,25.0167,0
-14949.3018,-84744.8359,41.3233,-2.6815,24.8984,0
-14950.5801,-84745.4531,41.3492,-2.6765,25.8370,0
-14951.8252,-84746.0625,41.3676,-2.6713,24.8227,0
-14953.1162,-84746.7188,41.3864,-2.6638,25.6682,0
-14954.3984,-84747.3594,41.4083,-2.6554,26.0571,0
-14955.6699,-84748.0391,41.4213,-2.6486,26.3037,0
-14956.9766,-84748.7422,41.4560,-2.6421,27.1742,0
-14958.2627,-84749.4297,41.4886,-2.6348,26.5303,0
-14959.5693,-84750.1562,41.5031,-2.6283,26.5992,0
-14960.8877,-84750.8906,41.5267,-2.6222,27.0493,0
-14962.1660,-84751.6250,41.5588,-2.6174,26.9725,0
-14963.5225,-84752.3828,41.5642,-2.6129,28.1193,0
-14964.8682,-84753.1641,41.5606,-2.6074,28.3357,0
-14966.2012,-84753.9297,41.5863,-2.6020,28.1371,0
-14967.5596,-84754.7266,41.6069,-2.5950,28.1049,0
-14968.9209,-84755.5547,41.6340,-2.5892,28.5944,0
-14970.2666,-84756.3750,41.6568,-2.5838,28.2191,0
-14971.6367,-84757.2266,41.6912,-2.5786,29.6670,0
-14972.9951,-84758.0703,41.7180,-2.5711,28.9033,0
-14974.3574,-84758.9219,41.7361,-2.5641,29.4864,0
-14975.6953,-84759.7969,41.7714,-2.5602,29.1930,0
-14977.0791,-84760.7031,41.7927,-2.5554,30.8077,0
-14978.4336,-84761.6094,41.8166,-2.5496,29.0907,0
-14979.8574,-84762.5469,41.8262,-2.5434,30.0657,0
-14981.2275,-84763.4922,41.8281,-2.5370,29.2963,0
-14982.5830,-84764.4219,41.8570,-2.5294,29.8039,0
-14983.9766,-84765.3750,41.8986,-2.5244,30.4394,0
-14985.3340,-84766.3438,41.8661,-2.5157,31.0788,0
-14986.6738,-84767.3047,41.8309,-2.5104,29.5660,0
-14988.0684,-84768.3125,41.8378,-2.5048,30.5336,0
-14989.4199,-84769.3203,41.8439,-2.5013,31.3923,0
-14990.7803,-84770.3281,41.8835,-2.5005,31.1018,0
-14992.1543,-84771.3438,41.8763,-2.4989,29.8155,0
-14993.5332,-84772.3516,41.8631,-2.4975,30.1429,0
-14994.8877,-84773.3750,41.8660,-2.4955,30.9911,0
-14996.2422,-84774.3828,41.8610,-2.4905,30.4295,0
-14997.5654,-84775.3984,41.8539,-2.4861,30.3805,0
-14998.9111,-84776.4062,41.8513,-2.4809,29.9292,0
-15000.2373,-84777.4219,41.8263,-2.4749,30.5172,0
-15001.5303,-84778.4297,41.8056,-2.4678,29.4022,0
-15002.7998,-84779.4297,41.7899,-2.4606,28.3052,0
-15004.0713,-84780.4609,41.7757,-2.4539,29.0041,0
-15005.3418,-84781.5078,41.7429,-2.4465,29.3822,0
-15006.5840,-84782.5156,41.7114,-2.4404,29.1034,0
-15007.8262,-84783.5781,41.6959,-2.4343,29.7723,0
-15009.0205,-84784.5859,41.6728,-2.4282,28.3138,0
-15010.2197,-84785.6016,41.6436,-2.4228,27.4179,0
-15011.4434,-84786.6641,41.6212,-2.4170,28.0754,0
-15012.6182,-84787.7031,41.5926,-2.4117,28.3074,0
-15013.7842,-84788.7266,41.5592,-2.4063,28.3073,0
-15016.0918,-84790.8125,41.4794,-2.3953,27.9820,0
-15017.2402,-84791.8594,41.4535,-2.3886,26.9727,0
-15018.3945,-84792.9297,41.4061,-2.3812,27.7805,0
-15019.5176,-84793.9766,41.3739,-2.3739,26.9504,0
-15020.6387,-84795.0625,41.3214,-2.3678,28.5489,0
-15021.7451,-84796.1328,41.2754,-2.3618,27.9911,0
-15022.8330,-84797.2031,41.2349,-2.3559,27.3354,0
-15023.9209,-84798.2812,41.1853,-2.3500,26.6343,0
-15025.0234,-84799.3906,41.1374,-2.3444,27.5730,0
-15026.1104,-84800.4766,41.0986,-2.3385,27.7373,0
-15027.1934,-84801.5938,41.0503,-2.3328,28.6741,0
-15028.2656,-84802.7266,40.9980,-2.3278,28.5969,0
-15029.3457,-84803.8516,40.9293,-2.3233,28.4040,0
-15030.3955,-84804.9766,40.8792,-2.3194,27.4811,0
-15031.4883,-84806.1484,40.8367,-2.3161,28.6017,0
-15032.5742,-84807.3125,40.7955,-2.3125,28.5134,0
-15033.6523,-84808.4688,40.7251,-2.3088,28.8946,0
-15034.7432,-84809.6562,40.6678,-2.3045,29.3056,0
-15035.8496,-84810.8672,40.6085,-2.2991,30.5259,0
-15036.9277,-84812.0703,40.5354,-2.2943,29.7541,0
-15038.0078,-84813.2734,40.4657,-2.2893,30.1238,0
-15039.0801,-84814.5000,40.4069,-2.2846,29.0827,0
-15040.1436,-84815.7266,40.3299,-2.2808,27.7267,0
-15041.2480,-84817.0078,40.2497,-2.2799,29.3713,0
-15042.3340,-84818.2656,40.1862,-2.2780,29.5932,0
-15043.4521,-84819.5547,40.1060,-2.2769,31.4591,0
-15044.5791,-84820.8516,40.0327,-2.2759,32.6749,0
-15045.6875,-84822.1328,39.9527,-2.2746,30.6300,0
-15046.8125,-84823.4531,39.8590,-2.2729,31.1787,0
-15047.9375,-84824.7656,39.7829,-2.2717,30.7085,0
-15049.0566,-84826.0781,39.6970,-2.2721,30.7319,0
-15050.2139,-84827.4141,39.5876,-2.2722,32.0669,0
-15051.3633,-84828.7656,39.5148,-2.2726,32.7710,0
-15052.5156,-84830.1016,39.4322,-2.2737,31.8177,0
-15053.6719,-84831.4609,39.3581,-2.2743,32.0368,0
-15054.8301,-84832.8047,39.2569,-2.2751,32.0793,0
-15055.9775,-84834.1484,39.1674,-2.2759,32.0075,0
-15057.1631,-84835.5234,39.0853,-2.2768,31.8449,0
-15058.3359,-84836.8828,39.0076,-2.2772,31.8971,0
-15059.5303,-84838.2500,38.9168,-2.2774,31.7790,0
-15060.7188,-84839.6172,38.8447,-2.2744,31.8968,0
-15061.8975,-84841.0000,38.7571,-2.2720,32.9692,0
-15063.0527,-84842.3672,38.6804,-2.2701,32.4693,0
-15064.2236,-84843.7500,38.5902,-2.2704,34.0520,0
-15065.4111,-84845.1328,38.4924,-2.2698,33.7086,0
-15066.6025,-84846.5312,38.4086,-2.2680,33.9022,0
-15067.7764,-84847.9141,38.3381,-2.2659,32.3720,0
-15068.9502,-84849.3125,38.2394,-2.2632,33.1096,0
-15070.1367,-84850.7344,38.1577,-2.2602,33.1596,0
-15071.3135,-84852.1328,38.0886,-2.2548,32.1580,0
-15072.4854,-84853.5547,38.0097,-2.2501,33.3756,0
-15073.6318,-84854.9531,37.9274,-2.2452,31.6246,0
-15074.7754,-84856.3906,37.8507,-2.2405,30.9190,0
-15075.9229,-84857.8125,37.7749,-2.2362,30.5749,0
-15077.0928,-84859.2656,37.6874,-2.2252,32.3615,0
-15078.2197,-84860.7422,37.6218,-2.2154,32.5655,0
-15079.3252,-84862.1875,37.5601,-2.2070,32.4917,0
-15080.4326,-84863.6953,37.5060,-2.1995,33.0719,0
-15081.5156,-84865.1953,37.4505,-2.1953,33.4876,0
-15082.5840,-84866.6484,37.3874,-2.1936,32.1825,0
-15083.6680,-84868.1484,37.3217,-2.1941,34.1175,0
-15084.7305,-84869.6094,37.2577,-2.1968,33.0955,0
-15085.7881,-84871.0703,37.2084,-2.2017,32.1633,0
-15086.8730,-84872.5547,37.1833,-2.2069,33.0043,0
-15087.9609,-84873.9766,37.1337,-2.2122,31.8278,0
-15089.0312,-84875.3984,37.0811,-2.2187,31.4934,0
-15090.1055,-84876.7812,37.0224,-2.2249,31.7171,0
-15091.1758,-84878.1641,36.9749,-2.2317,31.3872,0
-15092.2256,-84879.4922,36.9251,-2.2386,30.3536,0
-15093.2715,-84880.8047,36.9006,-2.2457,29.6936,0
-15094.3516,-84882.1094,36.8698,-2.2524,30.2605,0
-15095.4014,-84883.3750,36.8247,-2.2573,29.1139,0
-15096.4727,-84884.6562,36.7843,-2.2604,29.5717,0
-15097.4941,-84885.8906,36.7512,-2.2642,28.6015,0
-15098.5674,-84887.1484,36.7017,-2.2677,29.6522,0
-15099.5830,-84888.3359,36.6697,-2.2712,27.5193,0
-15100.6191,-84889.5469,36.6339,-2.2734,28.7046,0
-15101.6426,-84890.7344,36.5975,-2.2748,28.4778,0
-15102.6338,-84891.8906,36.5685,-2.2760,26.4700,0
-15103.6348,-84893.0391,36.5252,-2.2774,27.3420,0
-15104.6211,-84894.1797,36.4880,-2.2774,26.6327,0
-15105.6094,-84895.3203,36.4579,-2.2774,27.8875,0
-15106.5381,-84896.4062,36.4212,-2.2782,25.9763,0
-15107.4951,-84897.5000,36.3755,-2.2794,25.9206,0
-15108.4102,-84898.5469,36.3460,-2.2794,25.2545,0
-15109.3242,-84899.6016,36.3091,-2.2785,24.7790,0
-15110.2148,-84900.6172,36.2765,-2.2777,24.5422,0
-15111.0918,-84901.6250,36.2438,-2.2772,23.9618,0
-15111.9404,-84902.6094,36.1884,-2.2769,23.1654,0
-15112.7930,-84903.6016,36.1633,-2.2772,22.8324,0
-15113.6221,-84904.5625,36.1403,-2.2774,22.8574,0
-15114.4229,-84905.4922,36.0986,-2.2780,21.6784,0
-15115.1963,-84906.3828,36.0769,-2.2777,20.4521,0
-15115.9795,-84907.2969,36.0560,-2.2779,21.4389,0
-15116.7471,-84908.1797,36.0221,-2.2774,21.1621,0
-15117.4893,-84909.0391,35.9891,-2.2766,20.7484,0
-15118.2646,-84909.9375,35.9555,-2.2761,21.0880,0
-15119.0342,-84910.8359,35.9257,-2.2749,21.2242,0
-15119.7998,-84911.7266,35.8830,-2.2753,20.7453,0
-15120.5811,-84912.6328,35.8631,-2.2754,22.5740,0
-15121.3340,-84913.5156,35.8400,-2.2753,21.2357,0
-15122.1113,-84914.4297,35.8098,-2.2749,21.5693,0
-15122.9199,-84915.3516,35.7680,-2.2750,21.9639,0
-15123.7148,-84916.2656,35.7544,-2.2751,21.2401,0
-15124.5283,-84917.2266,35.7147,-2.2748,23.7130,0
-15125.3145,-84918.1484,35.6832,-2.2724,22.6285,0
-15126.1426,-84919.1250,35.6437,-2.2729,22.9655,0
-15127.0039,-84920.1328,35.6165,-2.2729,24.6093,0
-15127.8359,-84921.0938,35.5868,-2.2734,22.4571,0
-15128.6855,-84922.0859,35.5507,-2.2736,24.6681,0
-15129.5391,-84923.0625,35.5122,-2.2740,22.7903,0
-15130.4365,-84924.0938,35.4889,-2.2732,24.0126,0
-15131.3506,-84925.1641,35.4514,-2.2724,27.1227,0
-15132.2246,-84926.1953,35.4324,-2.2737,22.9618,0
-15133.1846,-84927.3203,35.3808,-2.2748,25.4382,0
-15134.0781,-84928.3828,35.3620,-2.2752,26.3984,0
-15135.0098,-84929.4453,35.3353,-2.2755,25.7780,0
-15135.9219,-84930.5156,35.2955,-2.2747,24.9062,0
-15136.9258,-84931.6641,35.2786,-2.2755,27.2540,0
-15137.8809,-84932.7969,35.2360,-2.2761,28.1149,0
-15138.8857,-84933.9609,35.1753,-2.2766,27.1375,0
-15139.8975,-84935.1250,35.1314,-2.2769,25.9552,0
-15140.8965,-84936.2891,35.0903,-2.2776,27.8242,0
-15141.9395,-84937.5000,35.0555,-2.2783,28.5046,0
-15142.9395,-84938.6719,35.0318,-2.2785,28.9633,0
-15143.9268,-84939.8125,34.9839,-2.2760,27.6623,0
-15145.0098,-84941.0781,34.9528,-2.2751,29.4945,0
-15146.0479,-84942.2656,34.9155,-2.2735,27.3163,0
-15147.0635,-84943.4531,34.8766,-2.2728,28.5133,0
-15148.1318,-84944.7109,34.8299,-2.2731,28.2116,0
-15149.1768,-84945.9219,34.7976,-2.2741,29.4097,0
-15150.2188,-84947.1250,34.7576,-2.2742,28.3845,0
-15151.2520,-84948.3203,34.7123,-2.2744,28.7707,0
-15152.2998,-84949.5391,34.6769,-2.2752,27.8727,0
-15153.2949,-84950.7031,34.6335,-2.2759,27.9129,0
-15154.3223,-84951.8906,34.5991,-2.2761,28.4411,0
-15155.3047,-84953.0234,34.5586,-2.2771,27.8858,0
-15156.3164,-84954.2188,34.5328,-2.2764,28.5145,0
-15157.3438,-84955.4062,34.4947,-2.2742,27.4434,0
-15158.3223,-84956.5469,34.4537,-2.2733,26.4188,0
-15159.3555,-84957.7422,34.4144,-2.2725,28.0076,0
-15160.3496,-84958.8984,34.3883,-2.2721,25.8328,0
-15161.4082,-84960.1250,34.3382,-2.2722,31.3207,0
-15162.3408,-84961.2109,34.2950,-2.2722,28.1748,0
-15163.3516,-84962.4062,34.2740,-2.2726,28.4753,0
-15164.3672,-84963.5781,34.2262,-2.2726,27.4501,0
-15165.3789,-84964.7578,34.1870,-2.2721,28.0947,0
-15166.3398,-84965.8984,34.1632,-2.2720,26.9825,0
-15167.3516,-84967.0938,34.1265,-2.2719,24.8971,0
-15168.3691,-84968.2734,34.0884,-2.2714,27.0881,0
-15169.4385,-84969.4922,34.0287,-2.2714,29.9636,0
-15170.3555,-84970.5781,34.0020,-2.2712,23.7564,0
-15171.3506,-84971.7500,33.9530,-2.2717,25.3283,0
-15172.4043,-84972.9766,33.9025,-2.2726,25.0317,0
-15173.4648,-84974.1953,33.8647,-2.2750,32.2557,0
-15174.3691,-84975.2500,33.8343,-2.2771,25.2433,0
-15175.3916,-84976.4297,33.7923,-2.2790,28.4872,0
-15176.4072,-84977.6094,33.7527,-2.2808,28.6472,0
-15177.4023,-84978.7422,33.7224,-2.2828,27.8613,0
-15178.4180,-84979.9141,33.6673,-2.2849,27.4284,0
-15179.3916,-84981.0156,33.6223,-2.2868,26.3323,0
-15180.4160,-84982.1641,33.5685,-2.2881,28.7130,0
-15181.4648,-84983.3516,33.5223,-2.2896,27.0859,0
-15182.4336,-84984.4453,33.4619,-2.2914,26.0693,0
-15183.4795,-84985.6328,33.4093,-2.2929,27.0197,0
-15184.4766,-84986.7422,33.3609,-2.2947,29.9901,0
-15185.5117,-84987.8906,33.2998,-2.2970,32.7394,0
-15186.5352,-84989.0312,33.2290,-2.2999,29.0238,0
-15187.5645,-84990.1719,33.1624,-2.3034,27.3176,0
-15188.5986,-84991.2891,33.1021,-2.3059,27.2299,0
-15189.6045,-84992.3906,33.0366,-2.3083,26.8007,0
-15190.6553,-84993.5625,32.9660,-2.3092,29.3879,0
-15191.7070,-84994.6953,32.9034,-2.3100,27.8926,0
-15192.7227,-84995.7969,32.8275,-2.3107,27.0508,0
-15193.7715,-84996.9375,32.7549,-2.3110,28.2290,0
-15194.8564,-84998.1250,32.6749,-2.3113,29.7157,0
-15195.9531,-84999.3047,32.5918,-2.3120,32.2860,0
-15196.9688,-85000.3828,32.5357,-2.3124,26.6494,0
-15198.0273,-85001.5312,32.4526,-2.3128,25.6307,0
-15199.0977,-85002.6953,32.3725,-2.3134,25.2768,0
-15200.2373,-85003.9219,32.2954,-2.3139,30.7398,0
-15201.3164,-85005.0859,32.2282,-2.3135,29.9352,0
-15202.3955,-85006.2500,32.1541,-2.3106,29.1299,0
-15203.4854,-85007.4375,32.0648,-2.3086,28.3197,0
-15204.5684,-85008.6328,31.9794,-2.3062,29.3406,0
-15205.6758,-85009.8359,31.9003,-2.3041,29.9347,0
-15206.7568,-85011.0156,31.8229,-2.3019,29.6049,0
-15207.8232,-85012.1953,31.7491,-2.2986,28.7090,0
-15208.9219,-85013.4141,31.6576,-2.2926,28.4287,0
-15210.0264,-85014.6406,31.5576,-2.2874,28.5952,0
-15211.1113,-85015.8750,31.4887,-2.2838,29.5595,0
-15212.2246,-85017.1484,31.3834,-2.2803,32.2569,0
-15213.2783,-85018.3594,31.2821,-2.2758,29.7515,0
-15214.3457,-85019.6094,31.1994,-2.2745,29.5250,0
-15215.4307,-85020.8750,31.1266,-2.2748,30.2895,0
-15216.5039,-85022.1328,31.0459,-2.2755,28.9290,0
-15217.5967,-85023.3984,30.9611,-2.2751,28.3990,0
-15218.7227,-85024.7031,30.8750,-2.2741,30.6879,0
-15219.8379,-85026.0078,30.7803,-2.2730,31.6042,0
-15220.9355,-85027.2891,30.7042,-2.2723,31.0899,0
-15222.0215,-85028.5469,30.6198,-2.2718,30.4151,0
-15223.1553,-85029.8750,30.5376,-2.2716,31.6328,0
-15224.2607,-85031.1641,30.4553,-2.2737,29.5465,0
-15225.3447,-85032.4375,30.3636,-2.2758,28.5647,0
-15226.4844,-85033.7656,30.2847,-2.2757,31.2951,0
-15227.6123,-85035.0781,30.2032,-2.2748,32.4721,0
-15228.7637,-85036.4141,30.1151,-2.2737,32.5945,0
-15229.8936,-85037.7266,30.0161,-2.2731,31.8220,0
-15231.0352,-85039.0547,29.9422,-2.2729,32.2908,0
-15232.1611,-85040.3672,29.8544,-2.2714,31.8777,0
-15233.2891,-85041.7031,29.7644,-2.2719,31.1858,0
-15234.4297,-85043.0312,29.6704,-2.2742,31.1987,0
-15235.5635,-85044.3516,29.5873,-2.2746,31.1679,0
-15236.7012,-85045.7031,29.4942,-2.2753,31.4792,0
-15237.8477,-85047.0234,29.4113,-2.2765,30.4748,0
-15239.0059,-85048.3594,29.3244,-2.2769,33.0747,0
-15240.1699,-85049.7109,29.2343,-2.2756,32.3988,0
-15241.3232,-85051.0391,29.1517,-2.2754,32.4573,0
-15242.4902,-85052.4062,29.0495,-2.2749,32.6326,0
-15243.6396,-85053.7422,28.9626,-2.2748,30.8414,0
-15244.8623,-85055.1719,28.8669,-2.2741,32.7965,0
-15246.0225,-85056.5547,28.7938,-2.2739,32.8184,0
-15247.2021,-85057.9297,28.6963,-2.2739,32.5006,0
-15248.4053,-85059.3047,28.6051,-2.2752,32.6359,0
-15249.6055,-85060.6875,28.5176,-2.2765,32.7466,0
-15250.7949,-85062.0547,28.4316,-2.2763,32.7381,0
-15251.9854,-85063.4609,28.3383,-2.2740,34.2556,0
-15253.1875,-85064.8516,28.2486,-2.2718,34.1224,0
-15254.3984,-85066.2188,28.1651,-2.2687,33.6790,0
-15255.5801,-85067.6094,28.0766,-2.2671,32.9484,0
-15256.7822,-85069.0391,27.9910,-2.2655,33.2070,0
-15257.9834,-85070.4297,27.8947,-2.2624,32.5657,0
-15259.1611,-85071.8281,27.8225,-2.2594,33.5686,0
-15260.3291,-85073.2578,27.6943,-2.2566,33.0360,0
-15261.5186,-85074.7031,27.6175,-2.2553,33.8487,0
-15262.7090,-85076.1484,27.5403,-2.2527,33.6582,0
-15263.8848,-85077.5938,27.4515,-2.2513,33.7336,0
-15265.1006,-85079.0781,27.3468,-2.2504,35.1310,0
-15266.2637,-85080.4844,27.2668,-2.2498,34.2945,0
-15267.4561,-85081.9453,27.1897,-2.2485,33.8161,0
-15268.6553,-85083.4062,27.0818,-2.2486,33.8841,0
-15269.8789,-85084.9062,26.9676,-2.2487,35.5273,0
-15271.0596,-85086.3359,26.8842,-2.2487,31.8145,0
-15271.7012,-85087.1172,26.8338,-2.2480,36.4093,0
-15272.8848,-85088.5859,26.7422,-2.2477,35.6080,0
-15274.0879,-85090.0547,26.6467,-2.2476,35.2868,0
-15275.3242,-85091.5703,26.5603,-2.2467,35.4194,0
-15276.5391,-85093.0625,26.4696,-2.2463,35.9600,0
-15277.7520,-85094.5625,26.3759,-2.2455,35.9170,0
-15278.9453,-85096.0469,26.2894,-2.2473,35.2013,0
-15280.1787,-85097.5469,26.1932,-2.2495,34.8636,0
-15281.3926,-85099.0391,26.1005,-2.2518,34.4167,0
-15282.6279,-85100.5625,25.9956,-2.2565,35.5991,0
-15283.8662,-85102.0469,25.9130,-2.2608,35.0611,0
-15285.1279,-85103.5625,25.8150,-2.2637,35.1689,0
-15286.3701,-85105.0391,25.7377,-2.2671,33.6760,0
-15287.6338,-85106.5234,25.6390,-2.2697,35.4966,0
-15288.3027,-85107.2891,25.5823,-2.2702,36.6202,0
-15289.5420,-85108.7422,25.5080,-2.2713,35.0983,0
-15290.8086,-85110.2266,25.4437,-2.2711,35.3936,0
-15292.0674,-85111.7031,25.3605,-2.2710,34.4346,0
-15292.7246,-85112.4844,25.3224,-2.2713,36.7430,0
-15293.3799,-85113.2500,25.2829,-2.2716,36.2754,0
-15294.6523,-85114.7344,25.2192,-2.2721,35.8295,0
-15295.9404,-85116.2344,25.1475,-2.2728,35.7764,0
-15297.1973,-85117.7109,25.0783,-2.2743,35.0044,0
-15298.4639,-85119.1797,25.0230,-2.2766,34.5525,0
-15299.7236,-85120.6250,24.9698,-2.2767,34.2341,0
-15300.3906,-85121.4062,24.9548,-2.2774,36.9547,0
-15301.6631,-85122.8828,24.8982,-2.2776,35.9751,0
-15302.9141,-85124.3281,24.8446,-2.2768,35.0007,0
-15304.1553,-85125.7500,24.8342,-2.2758,33.7492,0
-15305.4102,-85127.2109,24.7999,-2.2748,34.9963,0
-15306.6504,-85128.6719,24.7711,-2.2736,34.5510,0
-15307.9062,-85130.1328,24.7337,-2.2724,34.8499,0
-15309.1279,-85131.5781,24.7073,-2.2711,33.5574,0
-15310.3447,-85133.0156,24.6744,-2.2702,33.6539,0
-15311.5469,-85134.4219,24.6643,-2.2719,32.8216,0
-15312.7490,-85135.8281,24.6470,-2.2726,32.7522,0
-15313.9463,-85137.2266,24.6484,-2.2744,32.8402,0
-15315.1582,-85138.6250,24.6369,-2.2759,33.8851,0
-15316.3486,-85140.0000,24.6042,-2.2775,32.5448,0
-15317.5381,-85141.3750,24.5987,-2.2762,33.8234,0
-15318.7031,-85142.7266,24.6110,-2.2760,32.9340,0
-15319.8496,-85144.0625,24.6161,-2.2747,31.5620,0
-15321.0068,-85145.4141,24.6222,-2.2744,32.0547,0
-15322.1738,-85146.7812,24.6146,-2.2739,32.3578,0
-15323.2920,-85148.0938,24.6137,-2.2734,29.7895,0
-15324.4160,-85149.4062,24.6059,-2.2758,29.9954,0
-15325.5596,-85150.7344,24.6119,-2.2767,31.4589,0
-15326.6924,-85152.0234,24.6118,-2.2771,30.2529,0
-15327.8057,-85153.3203,24.6074,-2.2770,30.9873,0
-15328.9307,-85154.6172,24.6138,-2.2771,31.3883,0
-15330.0674,-85155.9453,24.6086,-2.2768,32.8553,0
-15331.1836,-85157.2344,24.6149,-2.2752,29.2937,0
-15332.3379,-85158.5625,24.6165,-2.2743,31.5359,0
-15333.4463,-85159.8438,24.6251,-2.2729,30.0850,0
-15334.5088,-85161.1250,24.6267,-2.2720,30.1842,0
-15335.5879,-85162.3984,24.6274,-2.2733,29.4706,0
-15336.7236,-85163.6875,24.6166,-2.2742,31.3770,0
-15337.8096,-85164.9453,24.5923,-2.2741,30.6212,0
-15338.9082,-85166.2266,24.5921,-2.2735,30.6593,0
-15339.9795,-85167.4844,24.5924,-2.2727,29.9939,0
-15341.0918,-85168.7734,24.5987,-2.2722,29.9882,0
-15342.1592,-85170.0234,24.5978,-2.2710,30.1233,0
-15343.1953,-85171.2656,24.5969,-2.2720,29.9990,0
-15344.2734,-85172.5156,24.5981,-2.2740,29.2438,0
-15345.3369,-85173.7578,24.5811,-2.2744,30.1101,0
-15346.3848,-85174.9844,24.5893,-2.2755,28.5891,0
-15347.4473,-85176.1875,24.5830,-2.2750,28.0990,0
-15348.5293,-85177.4688,24.5988,-2.2744,29.9714,0
-15349.5918,-85178.7031,24.5871,-2.2740,29.6602,0
-15350.6406,-85179.9141,24.5784,-2.2729,28.9387,0
-15351.6914,-85181.1562,24.5636,-2.2731,28.9861,0
-15352.7480,-85182.3828,24.5665,-2.2751,28.7532,0
-15353.8252,-85183.6406,24.5621,-2.2762,30.1886,0
-15354.9189,-85184.8828,24.5491,-2.2767,29.8018,0
-15355.9707,-85186.1094,24.5527,-2.2765,28.5889,0
-15357.0459,-85187.3672,24.5435,-2.2766,29.9695,0
-15358.1123,-85188.5938,24.5399,-2.2771,29.4046,0
-15359.1787,-85189.8203,24.5459,-2.2747,29.5455,0
-15360.2568,-85191.0703,24.5396,-2.2719,29.1010,0
-15361.3350,-85192.3438,24.5218,-2.2694,29.8035,0
-15362.3779,-85193.5859,24.5365,-2.2703,29.6267,0
-15363.4453,-85194.8516,24.5379,-2.2690,30.5263,0
-15364.5059,-85196.0859,24.5349,-2.2680,28.5441,0
-15365.5771,-85197.3359,24.5303,-2.2669,28.9254,0
-15366.6523,-85198.6094,24.5383,-2.2649,30.6608,0
-15367.7051,-85199.8672,24.5471,-2.2616,29.4798,0
-15368.7539,-85201.1406,24.5381,-2.2596,30.9669,0
-15369.7793,-85202.3594,24.5292,-2.2583,28.4167,0
-15370.8320,-85203.6094,24.5335,-2.2569,29.3453,0
-15371.8994,-85204.8906,24.5307,-2.2538,29.9847,0
-15372.9248,-85206.1328,24.5219,-2.2512,27.8509,0
-15373.9609,-85207.4141,24.5286,-2.2485,28.0820,0
-15374.9619,-85208.6641,24.5172,-2.2462,28.5381,0
-15376.0059,-85209.9453,24.5184,-2.2437,30.5592,0
-15377.0205,-85211.2109,24.5206,-2.2420,29.5321,0
-15378.0225,-85212.4375,24.5150,-2.2382,28.3535,0
-15379.0234,-85213.7031,24.5132,-2.2357,29.1665,0
-15380.0332,-85214.9922,24.4991,-2.2323,28.9878,0
-15381.0029,-85216.2266,24.5081,-2.2298,27.1382,0
-15381.9961,-85217.4766,24.5196,-2.2268,29.0613,0
-15382.9727,-85218.7344,24.5141,-2.2243,28.5358,0
-15383.9629,-85220.0078,24.5221,-2.2218,29.3955,0
-15384.9326,-85221.2812,24.5109,-2.2197,29.3818,0
-15385.8994,-85222.5312,24.5033,-2.2175,28.8122,0
-15386.8857,-85223.8516,24.5027,-2.2150,29.6221,0
-15387.8604,-85225.1250,24.4969,-2.2127,28.4785,0
-15388.8428,-85226.4297,24.4894,-2.2100,29.8765,0
-15389.8350,-85227.7578,24.4881,-2.2074,31.8706,0
-15390.7852,-85229.0000,24.5032,-2.2051,28.1634,0
-15391.7617,-85230.3125,24.4903,-2.2027,30.3888,0
-15392.6748,-85231.5547,24.4999,-2.1990,27.1070,0
-15393.6465,-85232.8594,24.4828,-2.1936,29.6149,0
-15394.5674,-85234.1406,24.4903,-2.1902,28.5723,0
-15395.4854,-85235.4297,24.4880,-2.1870,29.6801,0
-15396.4150,-85236.7422,24.4853,-2.1842,28.6945,0
-15397.3242,-85238.0078,24.4788,-2.1816,27.9122,0
-15398.2412,-85239.3047,24.4807,-2.1800,29.4847,0
-15399.1660,-85240.6016,24.4701,-2.1777,29.0162,0
-15400.0605,-85241.8828,24.4583,-2.1750,28.2708,0
-15400.9414,-85243.1719,24.4677,-2.1725,27.9263,0
-15401.8555,-85244.4766,24.4571,-2.1697,28.7680,0
-15402.7461,-85245.7656,24.4610,-2.1675,28.4731,0
-15403.6494,-85247.1016,24.4645,-2.1652,29.1664,0
-15404.5566,-85248.4297,24.4564,-2.1634,27.7746,0
-15405.4385,-85249.7266,24.4510,-2.1612,27.8764,0
-15406.3340,-85251.0703,24.4526,-2.1588,29.0454,0
-15407.2295,-85252.3984,24.4554,-2.1559,28.5904,0
-15408.1016,-85253.7109,24.4449,-2.1528,29.1140,0
-15408.9980,-85255.0625,24.4477,-2.1491,29.0025,0
-15409.8564,-85256.3516,24.4510,-2.1456,28.0570,0
-15410.7422,-85257.7188,24.4561,-2.1428,28.5812,0
-15411.5947,-85259.0391,24.4632,-2.1402,28.2572,0
-15412.4824,-85260.4297,24.4552,-2.1381,29.0697,0
-15413.3594,-85261.7734,24.4348,-2.1358,28.9156,0
-15414.2178,-85263.1094,24.4385,-2.1333,29.2598,0
-15415.0732,-85264.4453,24.4475,-2.1305,27.5804,0
-15415.9092,-85265.7969,24.4443,-2.1284,27.3970,0
-15416.7617,-85267.1719,24.4363,-2.1259,27.0732,0
-15417.6260,-85268.5234,24.4344,-2.1227,27.1123,0
-15418.4951,-85269.8906,24.4332,-2.1206,30.9291,0
-15419.3291,-85271.2344,24.4410,-2.1166,29.4608,0
-15420.1455,-85272.5703,24.4397,-2.1138,28.1210,0
-15420.9902,-85273.9688,24.4373,-2.1122,28.4841,0
-15421.8311,-85275.3359,24.4413,-2.1106,27.4118,0
-15422.6777,-85276.7266,24.4322,-2.1095,29.8979,0
-15423.5225,-85278.1250,24.4312,-2.1088,32.4056,0
-15424.3301,-85279.4375,24.4351,-2.1075,29.7063,0
-15425.1475,-85280.7969,24.4385,-2.1061,27.5199,0
-15425.9854,-85282.2031,24.4321,-2.1052,26.9565,0
-15426.8018,-85283.5703,24.4334,-2.1047,28.4691,0
-15427.6494,-85285.0000,24.4294,-2.1057,30.3040,0
-15428.4590,-85286.3438,24.4309,-2.1061,29.6061,0
-15429.2793,-85287.7266,24.4302,-2.1051,29.1226,0
-15430.1094,-85289.1094,24.4359,-2.1031,27.4963,0
-15430.9150,-85290.4531,24.4305,-2.1018,28.0843,0
-15431.7754,-85291.9219,24.4212,-2.1019,31.2818,0
-15432.5859,-85293.2656,24.4141,-2.1038,28.9966,0
-15433.3750,-85294.6016,24.4177,-2.1040,28.1120,0
-15434.2344,-85296.0234,24.4182,-2.1036,28.2811,0
-15435.0635,-85297.4219,24.4223,-2.1051,29.4359,0
-15435.9033,-85298.8047,24.3959,-2.1048,30.4889,0
-15436.7295,-85300.2031,24.4328,-2.1040,29.0542,0
-15437.5518,-85301.5703,24.4264,-2.1046,28.9214,0
-15438.4150,-85303.0234,24.4090,-2.1044,30.6723,0
-15439.2363,-85304.3906,24.3894,-2.1038,28.5023,0
-15440.0859,-85305.7969,24.3815,-2.1046,28.6094,0
-15440.8994,-85307.1719,24.3806,-2.1040,29.2997,0
-15441.7393,-85308.5859,24.3816,-2.1042,27.4042,0
-15442.6826,-85310.1406,24.3742,-2.1046,35.0926,0
-15443.5078,-85311.5391,24.3721,-2.1049,29.9832,0
-15444.2988,-85312.8359,24.3798,-2.1053,25.7188,0
-15445.1748,-85314.3047,24.3827,-2.1055,32.2508,0
-15445.9834,-85315.6562,24.3920,-2.1053,27.5734,0
-15446.9111,-85317.1953,24.3785,-2.1057,30.8675,0
-15447.8506,-85318.7578,24.3753,-2.1065,34.5429,0
-15448.7588,-85320.2500,24.3932,-2.1080,29.8726,0
-15449.5303,-85321.5391,24.3836,-2.1095,33.0280,0
-15450.3945,-85322.9766,24.3813,-2.1101,31.1452,0
-15451.2520,-85324.4141,24.3940,-2.1083,28.8725,0
-15451.7705,-85325.2734,24.4109,-2.1076,36.1118,0
-15452.6143,-85326.6641,24.4173,-2.1076,26.2807,0
-15453.4775,-85328.1172,24.4233,-2.1063,28.1035,0
-15454.3574,-85329.5859,24.4510,-2.1057,31.1407,0
-15455.2988,-85331.1250,24.4721,-2.1058,29.5866,0
-15456.1211,-85332.5000,24.4944,-2.1084,27.5401,0
-15457.0771,-85334.0703,24.5125,-2.1091,32.5377,0
-15457.9766,-85335.5391,24.5305,-2.1098,30.8972,0
-15458.8633,-85337.0156,24.5285,-2.1095,30.5256,0
-15459.7402,-85338.4609,24.5527,-2.1094,29.9096,0
-15460.7285,-85340.0703,24.5731,-2.1091,37.4281,0
-15461.5859,-85341.4922,24.5820,-2.1085,30.5140,0
-15462.6074,-85343.1875,24.5983,-2.1083,38.7437,0
-15463.4277,-85344.5312,24.6257,-2.1083,32.2933,0
-15464.5176,-85346.3594,24.6677,-2.1075,43.2001,0
-15465.2686,-85347.6016,24.6923,-2.1073,31.5996,0
-15466.1338,-85349.0391,24.7074,-2.1070,30.1222,0
-15466.9980,-85350.4688,24.7457,-2.1063,29.8770,0
-15467.8555,-85351.9219,24.7821,-2.1058,30.6218,0
-15468.8457,-85353.5469,24.8210,-2.1043,35.4754,0
-15469.7139,-85355.0156,24.8554,-2.1042,28.5062,0
-15470.4766,-85356.2969,24.8629,-2.1047,28.5008,0
-15471.3545,-85357.7969,24.9164,-2.1053,31.8533,0
-15472.2041,-85359.1953,24.9645,-2.1049,23.2769,0
-15472.7197,-85360.0703,24.9927,-2.1045,36.5280,0
-15473.9629,-85362.1328,25.0337,-2.1050,31.1930,0
-15474.8203,-85363.5391,25.0802,-2.1050,31.1151,0
-15475.5049,-85364.7109,25.1165,-2.1065,30.3035,0
-15476.3076,-85366.0391,25.1525,-2.1066,22.7254,0
-15477.0918,-85367.3438,25.1875,-2.1066,22.6257,0
-15477.9326,-85368.7344,25.2356,-2.1066,29.8900,0
-15478.6738,-85369.9531,25.2607,-2.1067,27.5453,0
-15479.4502,-85371.2500,25.3007,-2.1069,26.7904,0
-15480.2275,-85372.5391,25.3404,-2.1069,26.8873,0
-15480.9609,-85373.7578,25.3686,-2.1071,26.2560,0
-15481.6201,-85374.8594,25.4133,-2.1073,23.0919,0
-15482.3506,-85376.0625,25.4466,-2.1072,20.2190,0
-15483.0742,-85377.2812,25.4886,-2.1069,28.9893,0
-15483.7266,-85378.3594,25.5166,-2.1062,23.9558,0
-15484.4023,-85379.5000,25.5527,-2.1047,20.5170,0
-15485.1250,-85380.6953,25.6019,-2.1027,25.9398,0
-15485.7393,-85381.7109,25.6144,-2.1024,21.7813,0
-15486.4082,-85382.8359,25.6399,-2.1038,20.9471,0
-15487.0459,-85383.9141,25.6812,-2.1055,25.1475,0
-15487.6416,-85384.9062,25.7083,-2.1055,19.9788,0
-15488.3066,-85386.0156,25.7370,-2.1045,25.7251,0
-15488.8711,-85386.9531,25.7542,-2.1045,20.1393,0
-15489.4902,-85387.9844,25.7844,-2.1037,18.7590,0
-15490.0742,-85388.9609,25.8098,-2.1034,22.8142,0
-15490.6201,-85389.9062,25.8463,-2.1046,18.2016,0
-15491.2334,-85390.9141,25.8763,-2.1049,23.0760,0
-15492.0557,-85392.2812,25.9149,-2.1060,21.5299,0
-15492.5918,-85393.1719,25.9395,-2.1064,16.7666,0
-15493.1611,-85394.0938,25.9557,-2.1065,22.0980,0
-15493.8906,-85395.3281,25.9869,-2.1071,17.3059,0
-15494.4443,-85396.2266,26.0055,-2.1076,19.1488,0
-15495.2168,-85397.5078,26.0485,-2.1071,19.9331,0
-15495.8994,-85398.6562,26.0815,-2.1066,15.3088,0
-15496.4238,-85399.5078,26.1078,-2.1055,17.7973,0
-15497.0957,-85400.6406,26.1486,-2.1036,17.1460,0
-15497.7812,-85401.8047,26.1747,-2.1039,14.6931,0
-15498.4580,-85402.9297,26.2246,-2.1044,16.4116,0
-15499.0684,-85403.9375,26.2530,-2.1049,13.6157,0
-15499.7158,-85405.0156,26.2805,-2.1050,14.3835,0
-15500.3086,-85406.0078,26.3038,-2.1047,14.5321,0
-15500.9014,-85407.0000,26.3281,-2.1046,13.6097,0
-15501.4766,-85407.9531,26.3597,-2.1043,14.1657,0
-15502.0078,-85408.8594,26.3918,-2.1051,12.2341,0
-15502.5762,-85409.7969,26.4173,-2.1061,13.1465,0
-15503.2725,-85410.9531,26.4540,-2.1072,12.8598,0
-15503.8135,-85411.8516,26.4834,-2.1064,11.9194,0
-15504.4873,-85412.9688,26.5225,-2.1060,12.3612,0
-15505.1338,-85414.0391,26.5549,-2.1071,10.6103,0
-15505.8076,-85415.1641,26.5854,-2.1074,11.7742,0
-15506.4453,-85416.2109,26.6088,-2.1065,11.3859,0
-15507.1074,-85417.3203,26.6343,-2.1067,10.6575,0
-15507.7842,-85418.4531,26.6682,-2.1070,12.6591,0
-15508.4414,-85419.5312,26.7029,-2.1072,11.8647,0
-15508.9619,-85420.3984,26.7315,-2.1075,11.7677,0
-15509.6309,-85421.5000,26.7777,-2.1073,12.6538,0
-15510.1523,-85422.3750,26.7928,-2.1077,10.9275,0
-15510.6904,-85423.2578,26.8307,-2.1083,12.9345,0
-15511.2324,-85424.1719,26.8444,-2.1087,11.7891,0
-15511.7949,-85425.1016,26.8718,-2.1089,13.9253,0
-15512.3594,-85426.0234,26.8929,-2.1078,12.1861,0
-15512.9629,-85427.0234,26.9331,-2.1078,13.8357,0
-15513.5342,-85427.9766,26.9470,-2.1078,13.4833,0
-15514.1602,-85429.0078,26.9817,-2.1082,14.1580,0
-15514.7900,-85430.0312,27.0140,-2.1084,14.9533,0
-15515.4023,-85431.0781,27.0322,-2.1069,13.9060,0
-15516.0664,-85432.1562,27.0684,-2.1064,16.0355,0
-15516.7197,-85433.2578,27.0996,-2.1074,15.8161,0
-15517.4131,-85434.4062,27.1271,-2.1073,15.3812,0
-15518.1221,-85435.5781,27.1505,-2.1062,17.2775,0
-15518.8291,-85436.7500,27.1857,-2.1063,17.7127,0
-15519.5352,-85437.9375,27.2147,-2.1069,16.3542,0
-15520.2666,-85439.1484,27.2709,-2.1081,16.6481,0
-15521.0176,-85440.3672,27.2994,-2.1070,17.6521,0
-15521.7578,-85441.6094,27.3407,-2.1067,17.1775,0
-15522.2764,-85442.4844,27.3692,-2.1057,18.6019,0
-15523.0410,-85443.7500,27.4133,-2.1062,18.4523,0
-15523.5557,-85444.6172,27.4420,-2.1063,17.3557,0
-15524.0898,-85445.5000,27.4681,-2.1067,19.4423,0
-15524.6162,-85446.3594,27.4897,-2.1069,17.8199,0
-15525.1494,-85447.2578,27.5194,-2.1074,18.8886,0
-15525.6807,-85448.1484,27.5402,-2.1075,18.2830,0
-15526.2207,-85449.0391,27.5670,-2.1077,19.0275,0
-15526.7725,-85449.9531,27.5882,-2.1066,19.4402,0
-15527.3213,-85450.8750,27.6163,-2.1050,19.4572,0
-15527.8750,-85451.7812,27.6338,-2.1036,18.9791,0
-15528.4219,-85452.7188,27.6643,-2.1050,19.8873,0
-15528.9863,-85453.6641,27.6973,-2.1055,19.4908,0
-15529.5566,-85454.6094,27.7283,-2.1056,19.7705,0
-15530.1113,-85455.5391,27.7497,-2.1043,19.8864,0
-15530.6875,-85456.5000,27.7747,-2.1036,19.6835,0
-15531.2744,-85457.4922,27.7845,-2.1033,20.5678,0
-15531.8594,-85458.4531,27.8299,-2.1031,20.1232,0
-15532.4561,-85459.4453,27.8531,-2.1030,21.0907,0
-15533.0166,-85460.4062,27.8794,-2.1024,18.8696,0
-15533.6211,-85461.4062,27.9190,-2.1020,21.9339,0
-15534.2061,-85462.3906,27.9554,-2.1023,20.2453,0
-15534.8145,-85463.4062,27.9817,-2.1016,20.3665,0
-15535.3906,-85464.3906,28.0132,-2.1019,20.8793,0
-15536.0049,-85465.4141,28.0458,-2.1014,21.4037,0
-15536.6006,-85466.4375,28.0768,-2.1012,21.8422,0
-15537.2119,-85467.4453,28.1105,-2.1009,21.2834,0
-15537.8271,-85468.4766,28.1247,-2.0994,21.9245,0
-15538.4492,-85469.5078,28.1644,-2.0962,21.9644,0
-15539.0557,-85470.5625,28.1856,-2.0944,21.5564,0
-15539.6855,-85471.6484,28.2136,-2.0939,23.5737,0
-15540.3076,-85472.6953,28.2456,-2.0947,22.4543,0
-15540.9385,-85473.7891,28.2754,-2.0944,22.1258,0
-15541.5674,-85474.8516,28.2928,-2.0933,22.5193,0
-15542.1982,-85475.9297,28.3279,-2.0916,21.5319,0
-15542.8359,-85477.0312,28.3571,-2.0899,22.6777,0
-15543.4570,-85478.1172,28.3825,-2.0890,22.9605,0
-15544.0850,-85479.2031,28.4172,-2.0894,22.2376,0
-15544.7314,-85480.3359,28.4406,-2.0897,23.2169,0
-15545.3877,-85481.4375,28.4805,-2.0897,23.4673,0
-15546.0176,-85482.5391,28.5061,-2.0882,22.9691,0
-15546.6738,-85483.6719,28.5529,-2.0868,23.5163,0
-15547.3154,-85484.7891,28.5877,-2.0852,23.5534,0
-15547.9717,-85485.9375,28.6222,-2.0852,24.0799,0
-15548.6299,-85487.0625,28.6480,-2.0871,23.2411,0
-15549.2725,-85488.2031,28.6850,-2.0882,23.5941,0
-15549.9209,-85489.3203,28.7293,-2.0878,23.4653,0
-15550.5908,-85490.4766,28.7635,-2.0866,23.7678,0
-15551.2432,-85491.5938,28.7933,-2.0874,23.2983,0
-15551.9072,-85492.7578,28.8143,-2.0870,24.2218,0
-15552.5811,-85493.9297,28.8299,-2.0872,23.7525,0
-15553.2568,-85495.1250,28.8755,-2.0875,25.1352,0
-15553.9229,-85496.2656,28.9131,-2.0873,23.1147,0
-15554.5957,-85497.4609,28.9451,-2.0881,25.2997,0
-15555.2793,-85498.6250,28.9671,-2.0902,24.3625,0
-15555.9561,-85499.7891,29.0237,-2.0926,24.6822,0
-15556.6514,-85500.9688,29.0478,-2.0941,25.1235,0
-15557.3496,-85502.1484,29.0867,-2.0941,24.9483,0
-15558.0332,-85503.3359,29.1135,-2.0948,25.3163,0
-15558.7354,-85504.5312,29.1566,-2.0979,24.9845,0
-15559.4521,-85505.7500,29.1912,-2.1000,25.6377,0
-15560.1484,-85506.9375,29.2290,-2.1019,24.4639,0
-15560.8701,-85508.1406,29.2662,-2.1042,25.4395,0
-15561.5723,-85509.3359,29.2926,-2.1068,24.9456,0
-15562.3125,-85510.5312,29.3243,-2.1119,25.5351,0
-15563.0469,-85511.7578,29.3700,-2.1166,25.6686,0
-15563.7959,-85512.9688,29.3828,-2.1218,25.9426,0
-15564.5645,-85514.1719,29.4276,-2.1252,25.1008,0
-15565.3330,-85515.4375,29.4706,-2.1310,26.7355,0
-15566.1113,-85516.6250,29.4866,-2.1367,25.2357,0
-15566.9102,-85517.8672,29.5157,-2.1420,26.5200,0
-15567.7168,-85519.1172,29.5579,-2.1482,26.7636,0
-15568.5088,-85520.3047,29.6026,-2.1556,25.6150,0
-15569.3408,-85521.5312,29.6331,-2.1628,26.5604,0
-15570.1719,-85522.7422,29.6795,-2.1695,26.5351,0
-15571.0020,-85523.9375,29.7048,-2.1760,26.5880,0
-15571.8711,-85525.1562,29.7381,-2.1827,26.7251,0
-15572.7275,-85526.3359,29.7803,-2.1891,26.7044,0
-15573.5830,-85527.5547,29.8151,-2.1968,26.9862,0
-15574.4570,-85528.7344,29.8379,-2.2039,26.9013,0
-15575.3320,-85529.9141,29.8710,-2.2103,25.7677,0
-15576.2598,-85531.1484,29.9158,-2.2181,28.0543,0
-15577.1719,-85532.3359,29.9563,-2.2249,27.9850,0
-15578.0908,-85533.5156,29.9789,-2.2316,26.4844,0
-15579.0312,-85534.7031,30.0089,-2.2382,26.4210,0
-15579.9766,-85535.8750,30.0375,-2.2448,26.8365,0
-15580.9434,-85537.0625,30.0744,-2.2517,26.9308,0
-15581.9238,-85538.2578,30.0944,-2.2607,27.5682,0
-15582.9102,-85539.4297,30.1077,-2.2682,28.0095,0
-15583.9082,-85540.6094,30.1426,-2.2760,27.5934,0
-15584.9219,-85541.7734,30.1518,-2.2837,27.6810,0
-15585.9658,-85542.9219,30.1867,-2.2918,28.3967,0
-15586.9785,-85544.1016,30.2120,-2.2991,28.3128,0
-15588.0254,-85545.2500,30.2357,-2.3063,27.7099,0
-15589.0674,-85546.3984,30.2574,-2.3122,27.4269,0
-15590.1738,-85547.5938,30.3003,-2.3196,29.5756,0
-15591.2598,-85548.7422,30.2971,-2.3253,29.2453,0
-15592.3711,-85549.8828,30.3346,-2.3316,29.1414,0
-15593.5039,-85551.0625,30.3299,-2.3366,29.1777,0
-15594.6250,-85552.1953,30.3738,-2.3427,28.3488,0
-15595.7627,-85553.3672,30.3869,-2.3469,28.0625,0
-15596.9404,-85554.5391,30.4018,-2.3524,29.0482,0
-15598.0586,-85555.6641,30.4078,-2.3562,29.2667,0
-15599.2422,-85556.8203,30.4360,-2.3637,29.7618,0
-15600.4092,-85557.9453,30.4556,-2.3698,28.8700,0
-15601.6182,-85559.1250,30.4797,-2.3757,29.9287,0
-15602.8564,-85560.2891,30.4830,-2.3825,29.6888,0
-15604.0645,-85561.4219,30.4972,-2.3877,29.8302,0
-15605.3193,-85562.5781,30.5285,-2.3948,29.7481,0
-15606.5850,-85563.7500,30.5498,-2.4015,31.0782,0
-15607.8828,-85564.8984,30.5541,-2.4095,31.2024,0
-15609.1621,-85566.0312,30.5745,-2.4170,32.1180,0
-15610.4736,-85567.1641,30.5932,-2.4252,31.8582,0
-15611.7559,-85568.2734,30.5905,-2.4321,31.1627,0
-15613.0918,-85569.3750,30.5842,-2.4400,29.8282,0
-15614.4600,-85570.5156,30.6009,-2.4478,31.4177,0
-15615.8516,-85571.6562,30.6163,-2.4550,30.8704,0
-15617.2324,-85572.7656,30.6258,-2.4629,32.4938,0
-15618.6299,-85573.8828,30.6332,-2.4725,32.4015,0
-15620.0820,-85575.0000,30.6423,-2.4834,33.6725,0
-15621.5303,-85576.0938,30.6532,-2.4928,33.3558,0
-15622.9834,-85577.1797,30.6455,-2.5017,30.5240,0
-15624.4385,-85578.2344,30.6489,-2.5101,32.0686,0
-15625.9766,-85579.3594,30.6557,-2.5197,35.3801,0
-15627.4629,-85580.4219,30.6675,-2.5277,33.1387,0
-15628.9727,-85581.4531,30.6862,-2.5364,32.9378,0
-15630.5010,-85582.4922,30.6971,-2.5448,33.1663,0
-15632.0840,-85583.5547,30.7027,-2.5529,34.1794,0
-15633.6523,-85584.5859,30.7034,-2.5625,33.7034,0
-15635.2744,-85585.6250,30.7205,-2.5709,35.5964,0
-15636.8936,-85586.6406,30.7256,-2.5794,33.6253,0
-15639.3086,-85588.1328,30.7480,-2.5928,34.0020,0
-15640.9717,-85589.1250,30.7538,-2.6017,34.8412,0
-15642.6084,-85590.0859,30.7578,-2.6104,34.1317,0
-15643.4795,-85590.5859,30.7534,-2.6157,36.1315,0
-15645.2090,-85591.5859,30.7718,-2.6250,36.2746,0
-15646.8613,-85592.5000,30.7699,-2.6331,35.8527,0
-15648.5742,-85593.4453,30.7869,-2.6420,36.4363,0
-15650.5342,-85594.4609,30.7779,-2.6510,39.6999,0
-15652.1885,-85595.3438,30.7910,-2.6580,39.4533,0
-15654.0225,-85596.2734,30.7777,-2.6649,41.8806,0
-15655.6865,-85597.1172,30.7939,-2.6708,38.1167,0
-15657.4980,-85598.0234,30.8178,-2.6755,37.7663,0
-15659.2822,-85598.9141,30.8181,-2.6790,39.9377,0
-15661.0996,-85599.8203,30.8501,-2.6829,39.6355,0
-15662.0244,-85600.2578,30.8554,-2.6842,36.8008,0
-15662.9395,-85600.7031,30.8520,-2.6852,36.6076,0
-15663.8379,-85601.1484,30.8451,-2.6863,36.0642,0
-15664.8164,-85601.6172,30.8555,-2.6867,39.0219,0
-15665.8047,-85602.0938,30.8695,-2.6878,39.4666,0
-15666.7988,-85602.5625,30.8688,-2.6888,39.5331,0
-15668.3955,-85603.3281,30.8862,-2.6907,32.0863,0
-15670.1465,-85604.1719,30.9116,-2.6946,35.4868,0
-15671.3271,-85604.7188,30.9005,-2.6974,46.8223,0
-15672.4619,-85605.2500,30.9104,-2.6989,45.0540,0
-15673.4180,-85605.6797,30.9144,-2.6993,37.7112,0
-15674.3916,-85606.1328,30.9104,-2.7003,38.6289,0
-15675.3359,-85606.5781,30.9236,-2.7011,37.5530,0
-15676.2861,-85607.0312,30.9154,-2.7024,37.8649,0
-15678.1953,-85607.9219,30.9330,-2.7009,40.4949,0
-15680.1055,-85608.8281,30.9368,-2.6992,48.8469,0
-15681.8779,-85609.6484,30.9527,-2.6964,37.7464,0
-15682.8213,-85610.0859,30.9496,-2.6959,37.3993,0
-15683.9482,-85610.6094,30.9656,-2.6963,44.6978,0
-15685.5322,-85611.3516,30.9657,-2.6966,35.9072,0
-15687.6826,-85612.3672,30.9848,-2.6983,49.8666,0
-15689.6670,-85613.2969,30.9979,-2.6988,52.8367,0
-15690.6143,-85613.7422,31.0004,-2.6988,37.6503,0
-15691.6055,-85614.2031,31.0180,-2.6984,39.3190,0
-15692.5820,-85614.6562,31.0143,-2.6978,38.7191,0
-15693.5137,-85615.0938,30.9955,-2.6972,37.0185,0
-15694.4512,-85615.5391,31.0067,-2.6970,37.3359,0
-15696.1758,-85616.3516,31.0413,-2.6955,37.8865,0
-15697.1416,-85616.7891,31.0398,-2.6950,38.1403,0
-15698.4453,-85617.3984,31.0322,-2.6946,51.7653,0
-15700.4531,-85618.3438,31.0236,-2.6941,53.3913,0
-15702.1982,-85619.1719,31.0550,-2.6937,43.3681,0
-15703.2725,-85619.6953,31.0398,-2.6936,42.9727,0
-15704.2607,-85620.1562,31.0575,-2.6931,39.2285,0
-15705.4092,-85620.6953,31.0786,-2.6926,45.6412,0
-15707.4111,-85621.6562,31.0779,-2.6926,44.2032,0
-15709.3975,-85622.5859,31.0646,-2.6926,52.9046,0
-15711.2656,-85623.5000,31.1005,-2.6931,45.1576,0
-15713.2900,-85624.4688,31.0970,-2.6926,47.4885,0
-15714.3906,-85624.9688,31.1274,-2.6930,43.5124,0
-15715.4082,-85625.4453,31.1402,-2.6927,40.4195,0
-15716.4531,-85625.9531,31.1446,-2.6940,41.7822,0
-15717.4609,-85626.4297,31.1392,-2.6947,40.0967,0
-15718.4570,-85626.8984,31.1308,-2.6955,39.5978,0
-15719.4463,-85627.3750,31.1525,-2.6958,39.5028,0
-15720.4189,-85627.8203,31.1536,-2.6958,38.4726,0
-15721.4375,-85628.2969,31.1670,-2.6953,40.4503,0
-15722.4492,-85628.7734,31.1744,-2.6949,40.2246,0
-15723.4326,-85629.2422,31.1744,-2.6949,39.1793,0
-15724.4521,-85629.7266,31.1793,-2.6954,40.5990,0
-15725.3848,-85630.1641,31.1797,-2.6950,37.0538,0
-15726.5400,-85630.7031,31.1847,-2.6938,45.8533,0
-15727.5488,-85631.1797,31.1999,-2.6934,40.1285,0
-15728.5664,-85631.6797,31.1935,-2.6936,40.7781,0
-15729.5732,-85632.1406,31.1956,-2.6945,39.8249,0
-15730.6113,-85632.6484,31.1986,-2.6941,41.5682,0
-15731.6172,-85633.1094,31.2076,-2.6939,39.7955,0
-15732.5830,-85633.5703,31.2209,-2.6938,38.4930,0
-15733.6055,-85634.0547,31.2321,-2.6937,40.6820,0
-15734.6064,-85634.5312,31.2489,-2.6935,39.8919,0
-15735.5732,-85634.9922,31.2466,-2.6928,38.5253,0
-15736.6074,-85635.4766,31.2628,-2.6916,41.0760,0
-15737.6230,-85635.9766,31.2800,-2.6899,40.7016,0
-15739.5420,-85636.8984,31.2929,-2.6877,43.3940,0
-15740.6113,-85637.4141,31.3172,-2.6853,42.7078,0
-15741.6699,-85637.9141,31.3404,-2.6816,42.1165,0
-15742.6562,-85638.3984,31.3399,-2.6791,39.5185,0
-15744.2832,-85639.1953,31.3794,-2.6748,32.6978,0
-15745.2178,-85639.6562,31.3862,-2.6714,37.5003,0
-15746.4863,-85640.2891,31.4013,-2.6675,50.9984,0
-15747.6719,-85640.8984,31.4181,-2.6629,47.9454,0
-15749.5889,-85641.8906,31.4530,-2.6564,53.5888,0
-15750.5459,-85642.3984,31.4764,-2.6515,38.9920,0
-15751.4990,-85642.8984,31.5047,-2.6452,38.7397,0
-15752.4727,-85643.3984,31.5351,-2.6400,39.3603,0
-15753.3643,-85643.8984,31.5658,-2.6355,36.7988,0
-15754.3164,-85644.4375,31.5840,-2.6314,39.3572,0
-15756.2051,-85645.4922,31.6228,-2.6204,42.4819,0
-15757.1543,-85646.0234,31.6437,-2.6138,39.1312,0
-15758.0859,-85646.5547,31.6933,-2.6084,38.6069,0
-15758.9658,-85647.0781,31.7127,-2.6031,36.8304,0
-15759.8857,-85647.6172,31.7537,-2.5972,38.3834,0
-15760.8096,-85648.1562,31.7771,-2.5907,38.4749,0
-15761.7324,-85648.7266,31.8030,-2.5864,38.9954,0
-15762.6348,-85649.2734,31.8355,-2.5797,38.0038,0
-15763.5693,-85649.8594,31.8535,-2.5741,39.6778,0
-15764.4434,-85650.3984,31.8958,-2.5678,36.9661,0
-15765.3242,-85650.9766,31.9301,-2.5620,37.9213,0
-15767.1123,-85652.1406,32.0007,-2.5491,41.2140,0
-15768.8350,-85653.2969,32.0619,-2.5369,39.4019,0
-15770.4922,-85654.4297,32.1352,-2.5249,37.8476,0
-15771.3389,-85655.0234,32.1815,-2.5188,37.2318,0
-15772.1670,-85655.6328,32.2230,-2.5128,37.0064,0
-15773.7949,-85656.7891,32.2561,-2.5008,37.0442,0
-15775.3760,-85657.9922,32.3422,-2.4884,35.8638,0
-15776.9473,-85659.1719,32.4315,-2.4766,35.0759,0
-15777.7598,-85659.7891,32.4694,-2.4714,36.7205,0
-15778.5645,-85660.4219,32.5015,-2.4655,36.8434,0
-15779.3623,-85661.0547,32.5472,-2.4607,36.6673,0
-15780.9043,-85662.2969,32.6117,-2.4517,36.3929,0
-15782.4219,-85663.5312,32.6771,-2.4420,34.6707,0
-15783.2266,-85664.1875,32.7044,-2.4368,37.3624,0
-15784.6426,-85665.3984,32.7852,-2.4270,34.2265,0
-15786.0879,-85666.6328,32.8499,-2.4179,35.4241,0
-15787.5645,-85667.9453,32.9225,-2.4073,36.1840,0
-15788.9385,-85669.1797,33.0011,-2.3971,35.9787,0
-15790.3408,-85670.4297,33.0721,-2.3866,34.8401,0
-15791.6777,-85671.7031,33.1482,-2.3778,34.4101,0
-15792.9561,-85672.9219,33.2052,-2.3694,32.8449,0
-15794.2773,-85674.1953,33.2862,-2.3598,32.1801,0
-15795.5850,-85675.4688,33.3627,-2.3507,34.0517,0
-15796.9053,-85676.8047,33.4099,-2.3409,33.5660,0
-15798.1709,-85678.0859,33.4924,-2.3325,32.0388,0
-15799.3760,-85679.3438,33.5609,-2.3219,32.9373,0
-15800.5176,-85680.5625,33.6278,-2.3122,32.2697,0
-15801.7441,-85681.8984,33.6948,-2.3024,37.3174,0
-15802.9365,-85683.2031,33.7597,-2.2923,32.0630,0
-15804.0537,-85684.4531,33.8172,-2.2824,27.3892,0
-15805.1650,-85685.7344,33.8803,-2.2727,30.4605,0
-15806.3223,-85687.0859,33.9590,-2.2606,32.9656,0
-15807.3760,-85688.3750,34.0302,-2.2491,30.7320,0
-15808.3662,-85689.6172,34.0921,-2.2385,28.7610,0
-15809.4492,-85690.9531,34.1506,-2.2267,31.2936,0
-15810.4658,-85692.2891,34.2230,-2.2158,27.9030,0
-15811.4443,-85693.5781,34.2765,-2.2051,29.0138,0
-15812.3594,-85694.8359,34.3478,-2.1943,28.4402,0
-15813.3252,-85696.1719,34.4112,-2.1843,29.7907,0
-15814.2627,-85697.4844,34.4582,-2.1738,28.6266,0
-15815.1270,-85698.7266,34.5189,-2.1641,27.8386,0
-15815.9639,-85699.9766,34.5766,-2.1549,26.3204,0
-15816.7979,-85701.2500,34.6472,-2.1456,25.7513,0
-15817.6709,-85702.5703,34.6968,-2.1372,27.4369,0
-15818.4805,-85703.8281,34.7631,-2.1298,27.9852,0
-15819.2627,-85705.0703,34.8175,-2.1222,26.5219,0
-15820.0527,-85706.3281,34.8621,-2.1147,26.2325,0
-15820.8174,-85707.5938,34.9091,-2.1080,28.1089,0
-15821.5498,-85708.8281,34.9506,-2.1013,25.9967,0
-15822.2520,-85710.0547,35.0300,-2.0976,25.0661,0
-15822.9805,-85711.2656,35.0908,-2.0926,25.1513,0
-15823.7178,-85712.5234,35.1316,-2.0887,27.6510,0
-15824.4053,-85713.7266,35.1796,-2.0846,24.7178,0
-15825.1045,-85714.9688,35.2301,-2.0828,25.1403,0
-15825.8115,-85716.1875,35.2812,-2.0803,26.2915,0
-15826.4326,-85717.3047,35.3420,-2.0779,21.2440,0
-15827.1348,-85718.5469,35.3878,-2.0754,24.7536,0
-15827.7949,-85719.7266,35.4367,-2.0719,25.6991,0
-15828.4395,-85720.8750,35.4984,-2.0699,23.7499,0
-15829.0742,-85722.0312,35.5506,-2.0679,23.1242,0
-15829.6982,-85723.1953,35.5746,-2.0696,23.8645,0
-15830.3203,-85724.2812,35.6317,-2.0699,20.5517,0
-15830.9629,-85725.4688,35.6723,-2.0684,22.4602,0
-15831.5859,-85726.5938,35.7328,-2.0690,25.2456,0
-15832.1738,-85727.6562,35.7854,-2.0683,21.4936,0
-15832.7969,-85728.7891,35.8262,-2.0683,23.1571,0
-15833.3555,-85729.8203,35.8608,-2.0680,22.3158,0
-15833.9795,-85730.9531,35.8988,-2.0683,22.1220,0
-15834.5771,-85732.0312,35.9486,-2.0688,23.1683,0
-15835.1445,-85733.0625,35.9899,-2.0692,20.6599,0
-15835.7510,-85734.1484,36.0284,-2.0696,22.4053,0
-15836.3154,-85735.1875,36.0715,-2.0698,21.6234,0
-15836.8975,-85736.2500,36.0938,-2.0705,21.6637,0
-15837.4570,-85737.2578,36.1423,-2.0720,20.6024,0
-15838.0283,-85738.2812,36.1842,-2.0729,20.3166,0
-15838.6055,-85739.2969,36.2311,-2.0712,20.8364,0
-15839.1533,-85740.3203,36.2653,-2.0709,20.9382,0
-15839.6992,-85741.2891,36.3077,-2.0701,19.4895,0
-15840.2617,-85742.3047,36.3498,-2.0701,20.5879,0
-15840.7949,-85743.2812,36.3881,-2.0691,20.0358,0
-15841.3193,-85744.2344,36.4435,-2.0699,19.4838,0
-15841.8750,-85745.2266,36.4878,-2.0708,20.7435,0
-15842.4082,-85746.1797,36.5094,-2.0711,19.4494,0
-15842.9326,-85747.1328,36.5539,-2.0718,19.3193,0
-15843.4443,-85748.0469,36.5923,-2.0720,19.0400,0
-15843.9648,-85748.9844,36.6214,-2.0722,18.7995,0
-15844.4688,-85749.8906,36.6760,-2.0710,18.8726,0
-15844.9717,-85750.7891,36.7230,-2.0704,18.5053,0
-15845.4648,-85751.7031,36.7857,-2.0700,18.0269,0
-15845.9658,-85752.6094,36.8055,-2.0695,18.3505,0
-15846.4648,-85753.4922,36.8408,-2.0693,18.2847,0
-15846.9658,-85754.4062,36.8783,-2.0688,18.6091,0
-15847.6768,-85755.7109,36.9303,-2.0702,18.9330,0
-15848.3682,-85756.9531,36.9747,-2.0715,16.4199,0
-15849.0459,-85758.1875,37.0229,-2.0714,15.3472,0
-15849.6875,-85759.3359,37.0665,-2.0720,16.6194,0
-15850.2539,-85760.3594,37.1082,-2.0721,13.4747,0
-15850.8193,-85761.3750,37.1542,-2.0711,12.9830,0
-15851.4561,-85762.5391,37.1850,-2.0710,12.0510,0
-15852.0586,-85763.6172,37.2399,-2.0718,10.2714,0
-15852.5684,-85764.5312,37.2645,-2.0719,10.0084,0
-15853.1025,-85765.5000,37.3098,-2.0714,7.3241,0
-15853.6523,-85766.4922,37.3563,-2.0705,6.0728,0
-15854.1445,-85767.3672,37.4027,-2.0701,3.9468,0
-15854.6270,-85768.2734,37.4470,-2.0706,1.5218,0
-15855.1445,-85769.1953,37.4731,-2.0709,4.7773,0
-15855.6484,-85770.1016,37.5127,-2.0716,6.4484,0
-15856.1387,-85770.9922,37.5508,-2.0718,7.9524,0
-15856.6338,-85771.8828,37.5948,-2.0706,8.4279,0
-15857.1729,-85772.8281,37.6166,-2.0718,10.7410,0
-15857.7363,-85773.8594,37.6616,-2.0707,10.2379,0
-15858.3643,-85775.0156,37.7294,-2.0706,12.8946,0
-15858.8652,-85775.9062,37.7516,-2.0713,12.3410,0
-15859.3916,-85776.8594,37.7963,-2.0719,13.1907,0
-15859.9355,-85777.8203,37.8376,-2.0727,13.6142,0
-15860.4912,-85778.8438,37.8947,-2.0732,13.8005,0
-15861.0918,-85779.9141,37.9371,-2.0742,14.8442,0
-15861.6924,-85780.9922,37.9891,-2.0747,15.1734,0
-15862.3232,-85782.1250,38.0307,-2.0736,16.1995,0
-15862.9648,-85783.2656,38.0836,-2.0737,16.0059,0
-15863.6592,-85784.5000,38.1669,-2.0733,17.7065,0
-15864.3525,-85785.7422,38.2331,-2.0735,17.0819,0
-15864.8350,-85786.6250,38.2645,-2.0740,18.9339,0
-15865.5596,-85787.9219,38.3257,-2.0746,18.1693,0
-15866.0752,-85788.8359,38.3736,-2.0750,18.3813,0
-15866.5938,-85789.7734,38.4404,-2.0752,19.9487,0
-15867.1367,-85790.7266,38.4953,-2.0741,19.4744,0
-15867.9385,-85792.1797,38.5652,-2.0729,19.9154,0
-15868.4863,-85793.1562,38.6003,-2.0736,20.1427,0
-15869.0713,-85794.2109,38.6510,-2.0732,21.4881,0
-15869.6172,-85795.1875,38.6977,-2.0725,21.6189,0
-15870.2061,-85796.2422,38.7565,-2.0717,21.4444,0
-15870.7900,-85797.2891,38.8129,-2.0711,21.9288,0
-15871.3848,-85798.3516,38.8826,-2.0701,21.3833,0
-15871.9775,-85799.4531,38.9493,-2.0705,22.8095,0
-15872.5801,-85800.5000,38.9887,-2.0722,22.5277,0
-15873.1943,-85801.6250,39.0682,-2.0726,22.9990,0
-15873.8018,-85802.7109,39.1353,-2.0729,22.6583,0
-15874.4229,-85803.8203,39.1799,-2.0712,21.9316,0
-15875.0684,-85805.0000,39.2584,-2.0705,25.1593,0
-15875.6865,-85806.1406,39.3208,-2.0696,24.5840,0
-15876.3262,-85807.2969,39.3895,-2.0706,22.5226,0
-15876.9824,-85808.4844,39.4303,-2.0705,25.2400,0
-15877.6426,-85809.6641,39.5069,-2.0710,25.6246,0
-15878.3135,-85810.8359,39.5756,-2.0715,23.0079,0
-15878.9893,-85812.0781,39.6424,-2.0712,25.0318,0
-15879.6621,-85813.3047,39.7296,-2.0721,26.1216,0
-15880.3174,-85814.4609,39.7836,-2.0713,23.6469,0
-15881.0098,-85815.7188,39.8512,-2.0713,23.7790,0
-15881.7217,-85816.9922,39.9118,-2.0724,27.1626,0
-15882.4062,-85818.2109,39.9751,-2.0739,26.2128,0
-15883.0977,-85819.4531,40.0536,-2.0758,24.9376,0
-15883.7969,-85820.6953,40.1201,-2.0763,25.9468,0
-15884.5215,-85821.9922,40.1800,-2.0764,27.3736,0
-15885.2373,-85823.2656,40.2645,-2.0775,26.1821,0
-15885.9453,-85824.5156,40.3265,-2.0787,26.3001,0
-15886.6699,-85825.8281,40.3946,-2.0815,26.5551,0
-15887.4150,-85827.1172,40.4692,-2.0853,26.3873,0
-15888.1396,-85828.3984,40.5413,-2.0876,26.3277,0
-15888.9033,-85829.7188,40.6223,-2.0886,28.1046,0
-15889.6641,-85831.0000,40.6924,-2.0904,26.6084,0
-15890.4180,-85832.3281,40.7615,-2.0908,26.1389,0
-15891.1982,-85833.6562,40.8519,-2.0922,27.4433,0
-15891.9902,-85835.0156,40.9285,-2.0937,29.7707,0
-15892.7666,-85836.3438,41.0017,-2.0958,29.3245,0
-15893.5576,-85837.6719,41.0669,-2.0973,28.0500,0
-15894.3428,-85839.0391,41.1289,-2.0984,29.9880,0
-15895.1504,-85840.3828,41.2257,-2.1002,29.1787,0
-15895.9424,-85841.7266,41.3153,-2.1014,27.8178,0
-15896.7656,-85843.1172,41.3827,-2.1016,28.4837,0
-15897.5947,-85844.5000,41.4584,-2.1016,29.1667,0
-15898.4131,-85845.9062,41.5345,-2.1016,30.3659,0
-15899.2314,-85847.2812,41.6101,-2.1017,30.0173,0
-15900.0596,-85848.6719,41.6969,-2.1038,28.5020,0
-15900.9131,-85850.0938,41.7716,-2.1049,29.2333,0
-15901.7764,-85851.5312,41.8551,-2.1059,30.2882,0
-15902.6025,-85852.9141,41.9546,-2.1055,29.2527,0
-15903.4414,-85854.3281,42.0283,-2.1034,29.3849,0
-15904.2812,-85855.7188,42.1038,-2.1018,29.4548,0
-15905.1250,-85857.1484,42.1885,-2.1002,30.9473,0
-15905.9785,-85858.5859,42.2554,-2.0996,29.0888,0
-15906.8271,-85860.0078,42.3377,-2.0991,30.1411,0
-15907.6680,-85861.4297,42.4304,-2.0991,29.4213,0
-15908.5068,-85862.8594,42.5059,-2.0976,28.9250,0
-15909.3701,-85864.3359,42.5838,-2.0977,30.3004,0
-15910.2324,-85865.7812,42.7094,-2.0984,30.2319,0
-15911.0781,-85867.2266,42.7869,-2.0993,29.9636,0
-15911.9551,-85868.7109,42.8868,-2.1014,31.3329,0
-15912.8232,-85870.1484,42.9702,-2.1031,32.3335,0
-15913.6738,-85871.5781,43.0381,-2.1043,29.8931,0
-15914.5459,-85873.0547,43.1291,-2.1050,31.1259,0
-15915.4189,-85874.4922,43.2109,-2.1045,29.9350,0
-15916.3008,-85875.9688,43.3133,-2.1048,32.6507,0
-15917.1543,-85877.3906,43.4022,-2.1061,31.0520,0
-15918.0332,-85878.8750,43.4920,-2.1092,32.4584,0
-15918.8975,-85880.2891,43.5783,-2.1128,30.1648,0
-15919.7959,-85881.7500,43.6728,-2.1164,31.3385,0
-15920.6699,-85883.1797,43.7547,-2.1200,30.3221,0
-15921.5977,-85884.6719,43.8675,-2.1225,30.8149,0
-15922.4980,-85886.0938,43.9634,-2.1257,30.7666,0
-15923.4004,-85887.5312,44.0535,-2.1281,30.9704,0
-15924.3340,-85888.9609,44.1677,-2.1324,31.7903,0
-15925.2705,-85890.4609,44.2664,-2.1352,32.4102,0
-15926.1934,-85891.9062,44.3685,-2.1386,33.4834,0
-15927.0566,-85893.2578,44.4815,-2.1424,29.0515,0
-15928.0137,-85894.6797,44.5806,-2.1494,29.5801,0
-15928.9492,-85896.0859,44.7032,-2.1539,28.2126,0
-15929.9082,-85897.5312,44.8153,-2.1589,31.0489,0
-15930.8652,-85898.9141,44.9062,-2.1621,30.1621,0
-15931.8232,-85900.3359,45.0135,-2.1655,30.9793,0
-15932.7783,-85901.7422,45.1239,-2.1689,31.5829,0
-15933.7344,-85903.1094,45.2286,-2.1720,29.8703,0
-15934.7197,-85904.5312,45.3360,-2.1752,31.4051,0
-15935.6875,-85905.9219,45.4263,-2.1780,29.6819,0
-15936.6631,-85907.2891,45.5470,-2.1809,30.5384,0
-15937.6650,-85908.7266,45.6558,-2.1839,33.0307,0
-15938.6240,-85910.0547,45.7680,-2.1878,31.2665,0
-15939.6143,-85911.4375,45.8793,-2.1937,30.1837,0
-15940.6250,-85912.7969,45.9927,-2.1988,31.2550,0
-15941.6152,-85914.1484,46.1144,-2.2022,29.2491,0
-15942.6338,-85915.5234,46.2339,-2.2069,31.8077,0
-15943.6553,-85916.8828,46.3370,-2.2095,31.5664,0
-15944.6260,-85918.1875,46.4519,-2.2124,30.4315,0
-15945.6582,-85919.5625,46.5588,-2.2155,31.0577,0
-15946.6807,-85920.8672,46.6824,-2.2185,29.2692,0
-15947.6943,-85922.2188,46.8246,-2.2225,29.9290,0
-15948.7246,-85923.5469,46.9472,-2.2264,29.8656,0
-15949.7588,-85924.8672,47.0784,-2.2303,30.5173,0
-15950.7852,-85926.1641,47.1872,-2.2341,31.9379,0
-15951.8506,-85927.5156,47.2965,-2.2380,31.8611,0
-15952.8301,-85928.7500,47.3949,-2.2425,28.3433,0
-15953.9053,-85930.0859,47.5403,-2.2477,29.6544,0
-15954.9717,-85931.3828,47.6465,-2.2519,30.5079,0
-15956.0156,-85932.6484,47.7754,-2.2556,29.0806,0
-15957.0879,-85933.9609,47.8840,-2.2589,30.2351,0
-15958.1426,-85935.2031,48.0271,-2.2627,29.7089,0
-15959.2305,-85936.4922,48.1146,-2.2657,30.9683,0
-15960.2900,-85937.7578,48.2437,-2.2683,29.8560,0
-15961.3613,-85939.0234,48.3641,-2.2721,30.6496,0
-15962.4561,-85940.3047,48.4812,-2.2745,30.2102,0
-15963.5488,-85941.5625,48.5958,-2.2768,30.5984,0
-15964.6592,-85942.8281,48.7175,-2.2796,29.8090,0
-15965.7012,-85944.0156,48.8243,-2.2820,28.7809,0
-15966.8076,-85945.2812,48.9372,-2.2850,29.9260,0
-15967.9014,-85946.5469,49.0268,-2.2883,30.4171,0
-15969.0088,-85947.7734,49.1407,-2.2913,29.7586,0
-15970.1006,-85949.0078,49.2438,-2.2938,30.1348,0
-15971.2100,-85950.2578,49.3538,-2.2968,29.1385,0
-15972.3242,-85951.4844,49.4657,-2.2998,29.6884,0
-15973.4570,-85952.7500,49.5938,-2.3027,30.7902,0
-15974.5674,-85953.9766,49.7036,-2.3082,29.5535,0
-15975.6924,-85955.1875,49.7837,-2.3141,29.6744,0
-15976.8271,-85956.3906,49.9034,-2.3184,30.8359,0
-15977.9238,-85957.5547,50.0364,-2.3236,30.1465,0
-15979.0898,-85958.7734,50.1231,-2.3285,29.2035,0
-15980.2188,-85959.9453,50.2603,-2.3303,29.7317,0
-15981.3926,-85961.1562,50.3413,-2.3334,30.7060,0
-15982.5859,-85962.3906,50.4557,-2.3376,31.1438,0
-15983.7109,-85963.5469,50.5697,-2.3401,30.6017,0
-15984.8887,-85964.7422,50.6777,-2.3442,30.3763,0
-15986.0264,-85965.8906,50.7951,-2.3475,29.1335,0
-15987.1855,-85967.0859,50.9103,-2.3512,28.6537,0
-15988.3867,-85968.2578,51.0267,-2.3542,30.5155,0
-15989.5732,-85969.4297,51.1314,-2.3572,29.2597,0
-15990.7588,-85970.6094,51.2390,-2.3605,31.4968,0
-15991.9150,-85971.7188,51.3385,-2.3631,28.8050,0
-15993.1006,-85972.8906,51.4637,-2.3665,29.6486,0
-15994.2441,-85973.9844,51.5798,-2.3692,29.7641,0
-15995.4609,-85975.1484,51.6741,-2.3734,29.4918,0
-15996.6230,-85976.2734,51.8034,-2.3801,29.9079,0
-15997.8350,-85977.4062,51.8858,-2.3857,29.9511,0
-15999.0088,-85978.5078,52.0080,-2.3893,28.9719,0
-16000.2207,-85979.6250,52.1214,-2.3925,29.9196,0
-16001.3799,-85980.6797,52.2058,-2.3944,24.3329,0
-16002.6299,-85981.8281,52.3456,-2.3976,27.9986,0
-16003.9014,-85982.9766,52.4516,-2.4025,30.4792,0
-16005.1084,-85984.0469,52.5370,-2.4043,28.6285,0
-16006.3379,-85985.1562,52.6706,-2.4063,30.0606,0
-16007.5908,-85986.2812,52.7846,-2.4092,30.0557,0
-16008.7871,-85987.3594,52.8812,-2.4118,30.1911,0
-16010.0840,-85988.4922,52.9965,-2.4153,31.3887,0
-16011.3555,-85989.5859,53.1194,-2.4201,28.0809,0
-16012.6104,-85990.6875,53.2357,-2.4253,32.0321,0
-16013.8105,-85991.7344,53.3321,-2.4291,30.4612,0
-16015.1143,-85992.8281,53.4732,-2.4334,30.6171,0
-16016.3760,-85993.8906,53.5759,-2.4369,29.6957,0
-16017.6729,-85994.9844,53.6890,-2.4410,30.2505,0
-16019.5820,-85996.5625,53.8773,-2.4457,29.8142,0
-16020.9062,-85997.6562,53.9921,-2.4499,31.2055,0
-16022.2559,-85998.7500,54.1126,-2.4546,31.0156,0
-16023.5127,-85999.7812,54.2221,-2.4582,29.0889,0
-16024.7754,-86000.7969,54.3360,-2.4619,30.0526,0
-16026.1035,-86001.8594,54.4545,-2.4648,30.7904,0
-16027.4355,-86002.8984,54.5755,-2.4680,30.5461,0
-16028.6865,-86003.8984,54.6973,-2.4713,25.0339,0
-16029.9893,-86004.9062,54.7869,-2.4765,33.1859,0
-16031.3447,-86005.9609,54.9235,-2.4808,29.3809,0
-16032.6338,-86006.9375,55.0254,-2.4834,29.6774,0
-16033.9912,-86007.9688,55.1436,-2.4869,31.5793,0
-16035.3369,-86009.0000,55.2675,-2.4891,31.7466,0
-16036.7354,-86010.0312,55.3670,-2.4928,35.0124,0
-16038.1875,-86011.1250,55.4998,-2.4960,33.6168,0
-16039.4443,-86012.0469,55.6048,-2.5000,32.6316,0
-16040.8896,-86013.1250,55.7516,-2.5042,32.3968,0
-16042.2012,-86014.0859,55.8671,-2.5076,29.0172,0
-16043.6299,-86015.1094,55.9638,-2.5103,40.2411,0
-16044.9131,-86016.0391,56.0734,-2.5130,32.2177,0
-16046.3789,-86017.0703,56.2179,-2.5153,32.4913,0
-16047.6396,-86018.0000,56.3258,-2.5176,27.3931,0
-16049.0732,-86019.0078,56.4439,-2.5205,31.0183,0
-16050.5391,-86020.0078,56.5807,-2.5266,33.2167,0
-16051.8779,-86020.9531,56.6748,-2.5313,30.0807,0
-16053.3428,-86021.9688,56.7976,-2.5360,41.8275,0
-16054.6338,-86022.8516,56.9207,-2.5417,30.6910,0
-16055.9316,-86023.7266,57.0313,-2.5465,25.1359,0
-16057.4727,-86024.7734,57.1623,-2.5504,31.9231,0
-16058.8740,-86025.6719,57.2601,-2.5532,29.3377,0
-16060.3203,-86026.6406,57.3864,-2.5567,39.1772,0
-16061.6689,-86027.4922,57.4753,-2.5593,29.8267,0
-16062.9766,-86028.3516,57.5858,-2.5619,25.6206,0
-16063.8477,-86028.8984,57.6678,-2.5634,37.1178,0
-16065.1865,-86029.7656,57.7845,-2.5663,34.7193,0
-16066.5508,-86030.6484,57.9013,-2.5686,29.0720,0
-16067.7539,-86031.4297,57.9878,-2.5712,20.2829,0
-16068.7139,-86032.0234,58.0787,-2.5750,40.7320,0
-16069.9756,-86032.8047,58.1872,-2.5812,27.8871,0
-16071.2539,-86033.6016,58.2442,-2.5862,20.5745,0
-16072.2148,-86034.2031,58.3187,-2.5895,40.8646,0
-16073.6943,-86035.0625,58.4422,-2.5932,41.5640,0
-16074.9434,-86035.8438,58.5467,-2.5963,26.3354,0
-16076.1768,-86036.5859,58.6726,-2.5994,20.5909,0
-16077.2314,-86037.1875,58.7406,-2.6020,43.7289,0
-16078.4160,-86037.8984,58.8404,-2.6048,28.6036,0
-16079.7451,-86038.6719,58.9372,-2.6068,24.6300,0
-16080.7568,-86039.2656,59.0294,-2.6091,42.3167,0
-16082.0244,-86040.0000,59.1384,-2.6109,27.0486,0
-16083.3301,-86040.7344,59.2237,-2.6138,27.0827,0
-16084.8584,-86041.6016,59.3454,-2.6162,27.6443,0
-16086.9121,-86042.7734,59.5071,-2.6204,25.7856,0
-16088.2109,-86043.5078,59.6002,-2.6230,19.2013,0
-16089.1299,-86044.0234,59.6685,-2.6249,37.9763,0
-16091.2207,-86045.1875,59.8186,-2.6293,30.8053,0
-16092.7617,-86046.0469,59.9336,-2.6328,41.6637,0
-16094.0527,-86046.7422,60.0354,-2.6361,28.8030,0
-16095.3936,-86047.4531,60.1315,-2.6401,27.3476,0
-16096.8115,-86048.2266,60.2541,-2.6450,22.9027,0
-16097.7148,-86048.7188,60.3216,-2.6476,37.0852,0
-16098.9941,-86049.3906,60.4201,-2.6513,26.2182,0
-16100.4492,-86050.1484,60.5299,-2.6551,25.8278,0
-16101.8291,-86050.8672,60.6403,-2.6574,27.1640,0
-16103.3848,-86051.6797,60.7809,-2.6609,32.9746,0
-16104.8486,-86052.4141,60.8899,-2.6641,30.7927,0
-16106.2314,-86053.1172,60.9900,-2.6672,27.9590,0
-16107.6523,-86053.8281,61.0944,-2.6694,26.4919,0
-16109.1025,-86054.5547,61.1946,-2.6733,29.2921,0
-16110.5898,-86055.3125,61.3341,-2.6789,33.3936,0
-16112.6797,-86056.3281,61.5011,-2.6865,28.4693,0
-16114.0293,-86056.9688,61.6128,-2.6904,26.4347,0
-16115.4414,-86057.6484,61.7058,-2.6934,25.6090,0
-16116.9453,-86058.3672,61.8313,-2.6952,27.8477,0
-16118.3477,-86059.0078,61.9252,-2.6972,32.9352,0
-16119.7422,-86059.6641,62.0230,-2.6999,28.4750,0
-16121.2256,-86060.3594,62.1275,-2.7044,30.0053,0
-16122.5371,-86060.9609,62.2482,-2.7093,24.8757,0
-16124.1240,-86061.6797,62.3397,-2.7133,31.2551,0
-16125.5254,-86062.3047,62.4559,-2.7164,30.0303,0
-16126.9980,-86062.9688,62.5815,-2.7194,28.8000,0
-16128.4268,-86063.5938,62.6746,-2.7217,27.4680,0
-16129.9502,-86064.2656,62.8001,-2.7250,29.8852,0
-16131.4580,-86064.8984,62.8973,-2.7293,36.0267,0
-16132.8330,-86065.5000,62.9848,-2.7326,27.2941,0
-16134.2910,-86066.1172,63.0906,-2.7357,25.5095,0
-16135.8096,-86066.7578,63.1952,-2.7392,29.7734,0
-16137.3223,-86067.3906,63.3037,-2.7402,29.8341,0
-16138.7354,-86067.9844,63.4056,-2.7417,29.9234,0
-16140.2549,-86068.6250,63.4987,-2.7424,29.0306,0
-16141.7393,-86069.2344,63.5937,-2.7436,28.8508,0
-16143.2891,-86069.8672,63.6938,-2.7447,31.9994,0
-16144.6963,-86070.4609,63.7896,-2.7456,30.2696,0
-16146.3232,-86071.1172,63.8772,-2.7466,33.6658,0
-16147.7148,-86071.6875,63.9644,-2.7455,27.2416,0
-16149.3047,-86072.3516,64.0713,-2.7460,28.9165,0
-16150.8223,-86072.9844,64.1701,-2.7457,27.8256,0
-16152.3750,-86073.6172,64.2412,-2.7461,31.7299,0
-16153.9346,-86074.2656,64.3214,-2.7480,34.6577,0
-16155.4434,-86074.8750,64.4149,-2.7504,31.2928,0
-16156.9717,-86075.4922,64.4808,-2.7514,29.4070,0
-16158.5215,-86076.1250,64.5674,-2.7515,28.8089,0
-16160.1123,-86076.7734,64.6537,-2.7526,30.4904,0
-16161.7109,-86077.4297,64.7280,-2.7509,30.7292,0
-16163.3164,-86078.0703,64.7851,-2.7503,31.4667,0
-16164.8936,-86078.7031,64.8519,-2.7505,33.0036,0
-16166.5156,-86079.3516,64.9201,-2.7514,33.2648,0
-16168.1475,-86080.0156,64.9856,-2.7515,32.9096,0
-16169.7578,-86080.6641,65.0700,-2.7513,31.5685,0
-16171.3945,-86081.3438,65.1289,-2.7492,31.5466,0
-16173.0566,-86082.0078,65.2078,-2.7479,31.0508,0
-16174.6621,-86082.6719,65.2737,-2.7449,30.8404,0
-16176.3623,-86083.3672,65.3306,-2.7427,32.6877,0
-16178.0645,-86084.0703,65.3778,-2.7403,31.5990,0
-16179.7695,-86084.7891,65.4346,-2.7373,33.5043,0
-16181.4570,-86085.5000,65.4928,-2.7339,32.9490,0
-16183.1543,-86086.2422,65.5626,-2.7282,34.1571,0
-16184.8428,-86086.9844,65.6256,-2.7224,34.4477,0
-16186.5264,-86087.7109,65.6641,-2.7170,34.2845,0
-16188.2559,-86088.4922,65.7032,-2.7125,34.8983,0
-16189.9785,-86089.2500,65.7620,-2.7073,34.2028,0
-16191.7285,-86090.0625,65.8185,-2.7023,34.5015,0
-16193.4316,-86090.8516,65.8638,-2.6957,33.6909,0
-16195.1807,-86091.6797,65.9086,-2.6874,34.9823,0
-16196.9473,-86092.5312,65.9357,-2.6794,34.9414,0
-16198.7041,-86093.3906,65.9796,-2.6721,35.0624,0
-16200.4580,-86094.2734,66.0158,-2.6649,34.8130,0
-16202.2305,-86095.1797,66.0417,-2.6577,36.5099,0
-16203.1240,-86095.6328,66.0496,-2.6541,36.0345,0
-16204.8965,-86096.5859,66.0735,-2.6475,36.6511,0
-16205.7979,-86097.0625,66.0812,-2.6443,36.6716,0
-16206.6885,-86097.5312,66.0936,-2.6418,36.2031,0
-16208.4932,-86098.4844,66.1249,-2.6348,37.4829,0
-16209.3975,-86098.9844,66.1199,-2.6321,37.1657,0
-16211.1240,-86099.9375,66.1069,-2.6233,35.0276,0
-16212.0078,-86100.4609,66.1283,-2.6175,36.9519,0
-16212.9258,-86100.9609,66.1491,-2.6125,37.6039,0
-16213.8145,-86101.5156,66.1743,-2.6076,37.6849,0
-16214.7461,-86102.0312,66.1728,-2.6044,38.2785,0
-16215.6621,-86102.5625,66.1847,-2.6009,38.0991,0
-16216.5605,-86103.0938,66.1977,-2.5965,37.5558,0
-16217.4297,-86103.6328,66.2137,-2.5931,36.7745,0
-16218.3564,-86104.1875,66.2198,-2.5900,38.8627,0
-16219.2588,-86104.7344,66.2129,-2.5859,37.9414,0
-16220.1445,-86105.2656,66.2002,-2.5822,37.1458,0
-16221.0469,-86105.8438,66.1789,-2.5780,38.5661,0
-16221.9648,-86106.4062,66.1700,-2.5749,38.7129,0
-16222.8633,-86106.9688,66.1604,-2.5713,38.1325,0
-16223.7715,-86107.5391,66.1646,-2.5680,38.5763,0
-16224.6514,-86108.1094,66.1616,-2.5640,37.7004,0
-16225.6006,-86108.7188,66.1609,-2.5613,40.5820,0
-16226.5020,-86109.2969,66.1582,-2.5567,38.5059,0
-16227.3984,-86109.8906,66.1816,-2.5513,38.6909,0
-16228.3145,-86110.4922,66.1785,-2.5488,39.4181,0
-16229.2256,-86111.1016,66.1616,-2.5451,39.4134,0
-16230.1260,-86111.6953,66.1243,-2.5416,38.8264,0
-16231.0244,-86112.3047,66.1087,-2.5374,39.0350,0
-16231.9131,-86112.9297,66.1044,-2.5348,39.0802,0
-16232.8242,-86113.5547,66.1017,-2.5319,39.7449,0
-16233.7607,-86114.2031,66.0964,-2.5284,40.9793,0
-16234.6201,-86114.7969,66.0923,-2.5244,37.5662,0
-16235.5479,-86115.4453,66.0778,-2.5213,40.7170,0
-16236.4033,-86116.0469,66.0500,-2.5168,37.6287,0
-16237.3350,-86116.7188,66.0506,-2.5127,41.3088,0
-16238.2646,-86117.3750,66.0029,-2.5088,40.9614,0
-16239.1797,-86118.0234,65.9817,-2.5047,40.3450,0
-16240.1035,-86118.6797,65.9621,-2.5017,40.7656,0
-16240.9844,-86119.3594,65.9522,-2.4975,40.0209,0
-16241.9180,-86120.0312,65.9106,-2.4935,41.3970,0
-16242.8057,-86120.6875,65.8937,-2.4892,39.6756,0
-16243.7285,-86121.3906,65.8836,-2.4861,41.7605,0
-16244.6016,-86122.0625,65.8621,-2.4820,39.6308,0
-16245.4951,-86122.7266,65.8374,-2.4789,40.0203,0
-16246.4150,-86123.4375,65.8015,-2.4744,41.8576,0
-16247.2998,-86124.1172,65.7783,-2.4715,40.1558,0
-16248.1943,-86124.8203,65.7511,-2.4676,40.9276,0
-16249.1025,-86125.5312,65.7114,-2.4639,41.4833,0
-16250.0205,-86126.2344,65.6691,-2.4600,41.6424,0
-16250.9229,-86126.9766,65.6531,-2.4571,41.9852,0
-16251.8281,-86127.7109,65.6265,-2.4539,41.9649,0
-16252.7354,-86128.4297,65.5959,-2.4498,41.6364,0
-16253.6211,-86129.1562,65.5693,-2.4473,41.1964,0
-16254.5068,-86129.8828,65.5445,-2.4440,41.2353,0
-16255.3770,-86130.6328,65.5071,-2.4404,41.3559,0
-16256.2725,-86131.3594,65.4771,-2.4365,41.4684,0
-16257.1465,-86132.0938,65.4483,-2.4339,41.0950,0
-16258.0410,-86132.8828,65.4263,-2.4307,42.8553,0
-16258.9268,-86133.6250,65.4014,-2.4265,41.5766,0
-16259.8096,-86134.3906,65.3655,-2.4240,42.0844,0
-16260.6836,-86135.1250,65.3129,-2.4205,41.0685,0
-16261.5693,-86135.8750,65.3022,-2.4159,41.7929,0
-16262.4229,-86136.6406,65.2581,-2.4128,41.2706,0
-16263.2637,-86137.3984,65.2391,-2.4100,40.7100,0
-16264.1299,-86138.1641,65.2063,-2.4062,41.5979,0
-16264.9834,-86138.9141,65.1739,-2.4032,40.8857,0
-16265.8379,-86139.6953,65.1472,-2.4010,41.6516,0
-16266.6943,-86140.4609,65.1175,-2.3990,41.3358,0
-16267.5293,-86141.2188,65.0918,-2.3975,40.5475,0
-16268.4131,-86142.0156,65.0453,-2.3964,42.8387,0
-16269.2549,-86142.8047,65.0274,-2.3966,41.5142,0
-16270.0771,-86143.5859,65.0060,-2.3961,40.8028,0
-16270.9131,-86144.3516,64.9847,-2.3972,40.7589,0
-16271.7754,-86145.1094,64.9569,-2.3982,41.2832,0
-16272.5889,-86145.8516,64.9174,-2.3987,39.6301,0
-16273.4492,-86146.6250,64.8949,-2.3999,41.6477,0
-16274.2725,-86147.3672,64.8541,-2.4009,39.8584,0
-16275.1299,-86148.1562,64.8199,-2.4022,41.9391,0
-16275.9873,-86148.9219,64.8128,-2.4028,41.3498,0
-16276.8135,-86149.6641,64.8139,-2.4048,39.9591,0
-16277.6191,-86150.3984,64.7772,-2.4049,39.2131,0
-16278.4609,-86151.1328,64.7308,-2.4057,40.2348,0
-16279.3271,-86151.9062,64.6990,-2.4064,41.7826,0
-16280.1533,-86152.6484,64.6793,-2.4080,39.9275,0
-16281.0176,-86153.4297,64.6578,-2.4088,41.9319,0
-16281.8340,-86154.1484,64.6220,-2.4095,39.1323,0
-16282.6621,-86154.8672,64.5918,-2.4108,39.4773,0
-16283.4736,-86155.5938,64.5748,-2.4116,39.1754,0
-16284.3135,-86156.3281,64.5241,-2.4127,40.1634,0
-16285.1611,-86157.0781,64.4816,-2.4131,40.7016,0
-16285.9971,-86157.8359,64.4478,-2.4141,40.6253,0
-16286.8330,-86158.5469,64.4215,-2.4131,39.4722,0
-16287.6396,-86159.2656,64.4081,-2.4125,38.8886,0
-16288.4678,-86160.0078,64.4170,-2.4117,39.9848,0
-16289.2998,-86160.7500,64.3806,-2.4120,40.1339,0
-16290.1396,-86161.4844,64.3308,-2.4124,40.1400,0
-16290.9736,-86162.2031,64.3130,-2.4128,39.6162,0
